area	extension	bytes	path
root-or-support	log	0	.codex-local/mvn-test.err.log
root-or-support	log	6834	.codex-local/mvn-test.out.log
root-or-support	log	917	.codex-local/mvn-test-retry.err.log
root-or-support	log	10892	.codex-local/mvn-test-retry.out.log
root-or-support	example	2622	.env.example
root-or-support	gitattributes	89	.gitattributes
root-or-support	gitignore	6	.github/modernize/java-upgrade/.gitignore
root-or-support	ps1	695	.github/modernize/java-upgrade/hooks/scripts/recordToolUse.ps1
root-or-support	sh	608	.github/modernize/java-upgrade/hooks/scripts/recordToolUse.sh
root-or-support	yml	908	.github/workflows/ci.yml
root-or-support	gitignore	878	.gitignore
root-or-support	png	38730	.verification/reference-reservation-card.png
root-or-support	png	78306	.verification/reservation-mobile-320.png
root-or-support	png	84814	.verification/reservation-mobile-393.png
root-or-support	png	109883	.verification/reservation-tablet-768.png
root-or-support	md	3133	AGENTS.md
root-or-support	dockerignore	25	backend/.dockerignore
root-or-support	gitignore	6	backend/.github/modernize/java-upgrade/.gitignore
root-or-support	ps1	695	backend/.github/modernize/java-upgrade/hooks/scripts/recordToolUse.ps1
root-or-support	sh	608	backend/.github/modernize/java-upgrade/hooks/scripts/recordToolUse.sh
root-or-support	-	521	backend/Dockerfile
root-or-support	xml	2920	backend/pom.xml
root-or-support	sh	368	backend/render-entrypoint.sh
backend-main	java	744	backend/src/main/java/com/pulsopiura/platform/audit/application/IdentityAuditListener.java
backend-main	java	946	backend/src/main/java/com/pulsopiura/platform/audit/application/MatchAuditListener.java
backend-main	java	858	backend/src/main/java/com/pulsopiura/platform/audit/application/OrganizationAuditListener.java
backend-main	java	961	backend/src/main/java/com/pulsopiura/platform/audit/application/VenueAuditListener.java
backend-main	java	2845	backend/src/main/java/com/pulsopiura/platform/audit/infrastructure/persistence/AuditEventEntity.java
backend-main	java	246	backend/src/main/java/com/pulsopiura/platform/audit/infrastructure/persistence/AuditEventRepository.java
backend-main	java	1307	backend/src/main/java/com/pulsopiura/platform/foundation/security/CorsConfig.java
backend-main	java	2677	backend/src/main/java/com/pulsopiura/platform/foundation/security/OidcRoleClaims.java
backend-main	java	1794	backend/src/main/java/com/pulsopiura/platform/foundation/security/OidcUserClaims.java
backend-main	java	3510	backend/src/main/java/com/pulsopiura/platform/foundation/security/SecurityConfig.java
backend-main	java	404	backend/src/main/java/com/pulsopiura/platform/foundation/web/HealthController.java
backend-main	java	4237	backend/src/main/java/com/pulsopiura/platform/identity/api/MeController.java
backend-main	java	2786	backend/src/main/java/com/pulsopiura/platform/identity/api/PlatformAdminController.java
backend-main	java	7885	backend/src/main/java/com/pulsopiura/platform/identity/application/CapabilityRequestService.java
backend-main	java	356	backend/src/main/java/com/pulsopiura/platform/identity/application/CurrentUser.java
backend-main	java	3193	backend/src/main/java/com/pulsopiura/platform/identity/application/CurrentUserService.java
backend-main	java	4854	backend/src/main/java/com/pulsopiura/platform/identity/application/PlatformAdminQueryService.java
backend-main	java	130	backend/src/main/java/com/pulsopiura/platform/identity/application/UserProvisioned.java
backend-main	java	124	backend/src/main/java/com/pulsopiura/platform/identity/domain/CapabilityType.java
backend-main	java	123	backend/src/main/java/com/pulsopiura/platform/identity/domain/UserStatus.java
backend-main	java	2972	backend/src/main/java/com/pulsopiura/platform/identity/infrastructure/persistence/CapabilityRequestEntity.java
backend-main	java	749	backend/src/main/java/com/pulsopiura/platform/identity/infrastructure/persistence/CapabilityRequestRepository.java
backend-main	java	4361	backend/src/main/java/com/pulsopiura/platform/identity/infrastructure/persistence/UserEntity.java
backend-main	java	728	backend/src/main/java/com/pulsopiura/platform/identity/infrastructure/persistence/UserRepository.java
backend-main	java	14572	backend/src/main/java/com/pulsopiura/platform/matches/api/MatchController.java
backend-main	java	7297	backend/src/main/java/com/pulsopiura/platform/matches/application/ManualMatchParticipantService.java
backend-main	java	544	backend/src/main/java/com/pulsopiura/platform/matches/application/ManualMatchParticipantStore.java
backend-main	java	647	backend/src/main/java/com/pulsopiura/platform/matches/application/MatchAccessPolicy.java
backend-main	java	3587	backend/src/main/java/com/pulsopiura/platform/matches/application/MatchActivityQueryService.java
backend-main	java	180	backend/src/main/java/com/pulsopiura/platform/matches/application/MatchAuditEvent.java
backend-main	java	12084	backend/src/main/java/com/pulsopiura/platform/matches/application/MatchCheckInService.java
backend-main	java	2868	backend/src/main/java/com/pulsopiura/platform/matches/application/MatchDetailMetadataService.java
backend-main	java	6764	backend/src/main/java/com/pulsopiura/platform/matches/application/MatchInvitationService.java
backend-main	java	9974	backend/src/main/java/com/pulsopiura/platform/matches/application/MatchJoinPaymentService.java
backend-main	java	1296	backend/src/main/java/com/pulsopiura/platform/matches/application/MatchOrganizerAuthorization.java
backend-main	java	4127	backend/src/main/java/com/pulsopiura/platform/matches/application/MatchOrganizerManagementService.java
backend-main	java	10231	backend/src/main/java/com/pulsopiura/platform/matches/application/MatchOrganizerQueryService.java
backend-main	java	2224	backend/src/main/java/com/pulsopiura/platform/matches/application/MatchParticipantPreviewService.java
backend-main	java	638	backend/src/main/java/com/pulsopiura/platform/matches/application/MatchParticipantStore.java
backend-main	java	8306	backend/src/main/java/com/pulsopiura/platform/matches/application/MatchParticipationService.java
backend-main	java	295	backend/src/main/java/com/pulsopiura/platform/matches/application/MatchParticipationView.java
backend-main	java	214	backend/src/main/java/com/pulsopiura/platform/matches/application/MatchPaymentProvider.java
backend-main	java	10197	backend/src/main/java/com/pulsopiura/platform/matches/application/MatchService.java
backend-main	java	821	backend/src/main/java/com/pulsopiura/platform/matches/application/MatchStore.java
backend-main	java	2729	backend/src/main/java/com/pulsopiura/platform/matches/application/MatchView.java
backend-main	java	5491	backend/src/main/java/com/pulsopiura/platform/matches/domain/ManualMatchParticipant.java
backend-main	java	5424	backend/src/main/java/com/pulsopiura/platform/matches/domain/MatchParticipant.java
backend-main	java	137	backend/src/main/java/com/pulsopiura/platform/matches/domain/MatchParticipantStatus.java
backend-main	java	109	backend/src/main/java/com/pulsopiura/platform/matches/domain/MatchPaymentMethod.java
backend-main	java	124	backend/src/main/java/com/pulsopiura/platform/matches/domain/MatchStatus.java
backend-main	java	122	backend/src/main/java/com/pulsopiura/platform/matches/domain/MatchVisibility.java
backend-main	java	145	backend/src/main/java/com/pulsopiura/platform/matches/domain/SkillLevel.java
backend-main	java	9145	backend/src/main/java/com/pulsopiura/platform/matches/domain/SportsMatch.java
backend-main	java	1545	backend/src/main/java/com/pulsopiura/platform/matches/infrastructure/persistence/JpaManualMatchParticipantStore.java
backend-main	java	2119	backend/src/main/java/com/pulsopiura/platform/matches/infrastructure/persistence/JpaMatchParticipantStore.java
backend-main	java	2901	backend/src/main/java/com/pulsopiura/platform/matches/infrastructure/persistence/JpaMatchStore.java
backend-main	java	2528	backend/src/main/java/com/pulsopiura/platform/matches/infrastructure/persistence/ManualMatchParticipantJpaEntity.java
backend-main	java	447	backend/src/main/java/com/pulsopiura/platform/matches/infrastructure/persistence/ManualMatchParticipantJpaRepository.java
backend-main	java	4274	backend/src/main/java/com/pulsopiura/platform/matches/infrastructure/persistence/MatchInvitationEntity.java
backend-main	java	786	backend/src/main/java/com/pulsopiura/platform/matches/infrastructure/persistence/MatchInvitationRepository.java
backend-main	java	3674	backend/src/main/java/com/pulsopiura/platform/matches/infrastructure/persistence/MatchJoinOrderEntity.java
backend-main	java	1143	backend/src/main/java/com/pulsopiura/platform/matches/infrastructure/persistence/MatchJoinOrderRepository.java
backend-main	java	2383	backend/src/main/java/com/pulsopiura/platform/matches/infrastructure/persistence/MatchParticipantJpaEntity.java
backend-main	java	710	backend/src/main/java/com/pulsopiura/platform/matches/infrastructure/persistence/MatchParticipantJpaRepository.java
backend-main	java	4548	backend/src/main/java/com/pulsopiura/platform/matches/infrastructure/persistence/SportsMatchJpaEntity.java
backend-main	java	1652	backend/src/main/java/com/pulsopiura/platform/matches/infrastructure/persistence/SportsMatchJpaRepository.java
backend-main	java	4119	backend/src/main/java/com/pulsopiura/platform/organizations/api/OrganizationController.java
backend-main	java	2109	backend/src/main/java/com/pulsopiura/platform/organizations/api/OrganizationOperationsController.java
backend-main	java	2230	backend/src/main/java/com/pulsopiura/platform/organizations/api/PlatformOrganizationAdminController.java
backend-main	java	294	backend/src/main/java/com/pulsopiura/platform/organizations/application/InvitationView.java
backend-main	java	6274	backend/src/main/java/com/pulsopiura/platform/organizations/application/MembershipService.java
backend-main	java	164	backend/src/main/java/com/pulsopiura/platform/organizations/application/MemberView.java
backend-main	java	179	backend/src/main/java/com/pulsopiura/platform/organizations/application/OrganizationAuditEvent.java
backend-main	java	1959	backend/src/main/java/com/pulsopiura/platform/organizations/application/OrganizationAuthorization.java
backend-main	java	4408	backend/src/main/java/com/pulsopiura/platform/organizations/application/OrganizationOperationsQuery.java
backend-main	java	5571	backend/src/main/java/com/pulsopiura/platform/organizations/application/OrganizationService.java
backend-main	java	1094	backend/src/main/java/com/pulsopiura/platform/organizations/application/OrganizationSettingsQuery.java
backend-main	java	313	backend/src/main/java/com/pulsopiura/platform/organizations/application/OrganizationView.java
backend-main	java	8592	backend/src/main/java/com/pulsopiura/platform/organizations/application/PlatformOrganizationService.java
backend-main	java	1022	backend/src/main/java/com/pulsopiura/platform/organizations/application/VenueOwnerAuthorization.java
backend-main	java	169	backend/src/main/java/com/pulsopiura/platform/organizations/domain/OrganizationPermission.java
backend-main	java	130	backend/src/main/java/com/pulsopiura/platform/organizations/domain/OrganizationRole.java
backend-main	java	3001	backend/src/main/java/com/pulsopiura/platform/organizations/infrastructure/persistence/InvitationEntity.java
backend-main	java	381	backend/src/main/java/com/pulsopiura/platform/organizations/infrastructure/persistence/InvitationRepository.java
backend-main	java	2433	backend/src/main/java/com/pulsopiura/platform/organizations/infrastructure/persistence/MembershipEntity.java
backend-main	java	671	backend/src/main/java/com/pulsopiura/platform/organizations/infrastructure/persistence/MembershipRepository.java
backend-main	java	2185	backend/src/main/java/com/pulsopiura/platform/organizations/infrastructure/persistence/OrganizationEntity.java
backend-main	java	1321	backend/src/main/java/com/pulsopiura/platform/organizations/infrastructure/persistence/OrganizationRepository.java
backend-main	java	4463	backend/src/main/java/com/pulsopiura/platform/partners/api/PartnerBusinessController.java
backend-main	java	16235	backend/src/main/java/com/pulsopiura/platform/partners/application/PartnerBusinessService.java
backend-main	java	2702	backend/src/main/java/com/pulsopiura/platform/payments/api/PaymentOrderController.java
backend-main	java	8240	backend/src/main/java/com/pulsopiura/platform/payments/application/PaymentOrderService.java
backend-main	java	305	backend/src/main/java/com/pulsopiura/platform/payments/application/port/PaymentProviderPort.java
backend-main	java	105	backend/src/main/java/com/pulsopiura/platform/payments/domain/PaymentMethod.java
backend-main	java	120	backend/src/main/java/com/pulsopiura/platform/payments/domain/PaymentPlan.java
backend-main	java	1012	backend/src/main/java/com/pulsopiura/platform/payments/infrastructure/persistence/PaymentAuditStore.java
backend-main	java	3427	backend/src/main/java/com/pulsopiura/platform/payments/infrastructure/persistence/PaymentOrderEntity.java
backend-main	java	958	backend/src/main/java/com/pulsopiura/platform/payments/infrastructure/persistence/PaymentOrderRepository.java
backend-main	java	593	backend/src/main/java/com/pulsopiura/platform/payments/infrastructure/persistence/ReservationPaymentAdapter.java
backend-main	java	810	backend/src/main/java/com/pulsopiura/platform/payments/infrastructure/provider/MatchPaymentProviderAdapter.java
backend-main	java	900	backend/src/main/java/com/pulsopiura/platform/payments/infrastructure/provider/SandboxPaymentProvider.java
backend-main	java	320	backend/src/main/java/com/pulsopiura/platform/profiles/application/PlayerProfile.java
backend-main	java	3428	backend/src/main/java/com/pulsopiura/platform/profiles/application/PlayerProfileService.java
backend-main	java	2391	backend/src/main/java/com/pulsopiura/platform/profiles/infrastructure/persistence/PlayerProfileEntity.java
backend-main	java	255	backend/src/main/java/com/pulsopiura/platform/profiles/infrastructure/persistence/PlayerProfileRepository.java
backend-main	java	1027	backend/src/main/java/com/pulsopiura/platform/profiles/infrastructure/persistence/UserConsentEntity.java
backend-main	java	295	backend/src/main/java/com/pulsopiura/platform/profiles/infrastructure/persistence/UserConsentRepository.java
backend-main	java	345	backend/src/main/java/com/pulsopiura/platform/PulsoPiuraApplication.java
backend-main	java	1085	backend/src/main/java/com/pulsopiura/platform/reservations/api/BookableAvailabilityController.java
backend-main	java	1298	backend/src/main/java/com/pulsopiura/platform/reservations/api/MyReservationController.java
backend-main	java	2403	backend/src/main/java/com/pulsopiura/platform/reservations/api/OrganizationReservationController.java
backend-main	java	2532	backend/src/main/java/com/pulsopiura/platform/reservations/api/ReservationCheckInController.java
backend-main	java	3701	backend/src/main/java/com/pulsopiura/platform/reservations/api/ReservationController.java
backend-main	java	4239	backend/src/main/java/com/pulsopiura/platform/reservations/application/BookableAvailabilityService.java
backend-main	java	4704	backend/src/main/java/com/pulsopiura/platform/reservations/application/CreateReservationService.java
backend-main	java	6622	backend/src/main/java/com/pulsopiura/platform/reservations/application/OrganizationScheduleQuery.java
backend-main	java	288	backend/src/main/java/com/pulsopiura/platform/reservations/application/port/ReservationCheckInDetailsQuery.java
backend-main	java	713	backend/src/main/java/com/pulsopiura/platform/reservations/application/port/ReservationCheckInPassStore.java
backend-main	java	555	backend/src/main/java/com/pulsopiura/platform/reservations/application/port/ReservationDetailsQuery.java
backend-main	java	254	backend/src/main/java/com/pulsopiura/platform/reservations/application/port/ReservationHistoryStore.java
backend-main	java	269	backend/src/main/java/com/pulsopiura/platform/reservations/application/port/ReservationPaymentQuery.java
backend-main	java	1681	backend/src/main/java/com/pulsopiura/platform/reservations/application/port/ReservationStore.java
backend-main	java	1740	backend/src/main/java/com/pulsopiura/platform/reservations/application/ReservationAccess.java
backend-main	java	12228	backend/src/main/java/com/pulsopiura/platform/reservations/application/ReservationCheckInService.java
backend-main	java	225	backend/src/main/java/com/pulsopiura/platform/reservations/application/ReservationConflictException.java
backend-main	java	3341	backend/src/main/java/com/pulsopiura/platform/reservations/application/ReservationCreationTransaction.java
backend-main	java	7093	backend/src/main/java/com/pulsopiura/platform/reservations/application/ReservationQueryService.java
backend-main	java	227	backend/src/main/java/com/pulsopiura/platform/reservations/application/ReservationRateLimitException.java
backend-main	java	894	backend/src/main/java/com/pulsopiura/platform/reservations/application/ReservationRequestFingerprint.java
backend-main	java	9491	backend/src/main/java/com/pulsopiura/platform/reservations/application/ReservationTransitionService.java
backend-main	java	2467	backend/src/main/java/com/pulsopiura/platform/reservations/application/ReservationView.java
backend-main	java	10287	backend/src/main/java/com/pulsopiura/platform/reservations/domain/Reservation.java
backend-main	java	475	backend/src/main/java/com/pulsopiura/platform/reservations/domain/ReservationIdempotencyKey.java
backend-main	java	618	backend/src/main/java/com/pulsopiura/platform/reservations/domain/ReservationMoney.java
backend-main	java	432	backend/src/main/java/com/pulsopiura/platform/reservations/domain/ReservationStatus.java
backend-main	java	1844	backend/src/main/java/com/pulsopiura/platform/reservations/domain/ReservationStatusTransition.java
backend-main	java	507	backend/src/main/java/com/pulsopiura/platform/reservations/domain/ReservationTimeRange.java
backend-main	java	124	backend/src/main/java/com/pulsopiura/platform/reservations/domain/ReservationTransitionActor.java
backend-main	java	330	backend/src/main/java/com/pulsopiura/platform/reservations/infrastructure/config/ReservationConfiguration.java
backend-main	java	932	backend/src/main/java/com/pulsopiura/platform/reservations/infrastructure/config/ReservationProperties.java
backend-main	java	1612	backend/src/main/java/com/pulsopiura/platform/reservations/infrastructure/persistence/JdbcReservationCheckInDetailsQuery.java
backend-main	java	3263	backend/src/main/java/com/pulsopiura/platform/reservations/infrastructure/persistence/JdbcReservationCheckInPassStore.java
backend-main	java	2448	backend/src/main/java/com/pulsopiura/platform/reservations/infrastructure/persistence/JdbcReservationDetailsQuery.java
backend-main	java	741	backend/src/main/java/com/pulsopiura/platform/reservations/infrastructure/persistence/JpaReservationHistoryStore.java
backend-main	java	6109	backend/src/main/java/com/pulsopiura/platform/reservations/infrastructure/persistence/JpaReservationStore.java
backend-main	java	3357	backend/src/main/java/com/pulsopiura/platform/reservations/infrastructure/persistence/ReservationJpaEntity.java
backend-main	java	6342	backend/src/main/java/com/pulsopiura/platform/reservations/infrastructure/persistence/ReservationJpaRepository.java
backend-main	java	2287	backend/src/main/java/com/pulsopiura/platform/reservations/infrastructure/persistence/ReservationStatusHistoryEntity.java
backend-main	java	286	backend/src/main/java/com/pulsopiura/platform/reservations/infrastructure/persistence/ReservationStatusHistoryJpaRepository.java
backend-main	java	4010	backend/src/main/java/com/pulsopiura/platform/shared/api/ApiExceptionHandler.java
backend-main	java	1837	backend/src/main/java/com/pulsopiura/platform/shared/DistrictCatalog.java
backend-main	java	6308	backend/src/main/java/com/pulsopiura/platform/venues/api/AvailabilityController.java
backend-main	java	2057	backend/src/main/java/com/pulsopiura/platform/venues/api/PublicVenueController.java
backend-main	java	2677	backend/src/main/java/com/pulsopiura/platform/venues/api/SportSpaceController.java
backend-main	java	670	backend/src/main/java/com/pulsopiura/platform/venues/api/VenueCatalogController.java
backend-main	java	6183	backend/src/main/java/com/pulsopiura/platform/venues/api/VenueController.java
backend-main	java	2297	backend/src/main/java/com/pulsopiura/platform/venues/application/AmenityService.java
backend-main	java	396	backend/src/main/java/com/pulsopiura/platform/venues/application/AvailabilityExceptionView.java
backend-main	java	463	backend/src/main/java/com/pulsopiura/platform/venues/application/AvailabilityRuleView.java
backend-main	java	13714	backend/src/main/java/com/pulsopiura/platform/venues/application/AvailabilityService.java
backend-main	java	15626	backend/src/main/java/com/pulsopiura/platform/venues/application/PublicVenueQueryService.java
backend-main	java	1187	backend/src/main/java/com/pulsopiura/platform/venues/application/PublicVenueViews.java
backend-main	java	211	backend/src/main/java/com/pulsopiura/platform/venues/application/SlotNotBookableException.java
backend-main	java	419	backend/src/main/java/com/pulsopiura/platform/venues/application/SportSpaceView.java
backend-main	java	213	backend/src/main/java/com/pulsopiura/platform/venues/application/VenueAuditEvent.java
backend-main	java	235	backend/src/main/java/com/pulsopiura/platform/venues/application/VenueAvailabilityQuery.java
backend-main	java	5493	backend/src/main/java/com/pulsopiura/platform/venues/application/VenueCatalogService.java
backend-main	java	532	backend/src/main/java/com/pulsopiura/platform/venues/application/VenueCatalogView.java
backend-main	java	13455	backend/src/main/java/com/pulsopiura/platform/venues/application/VenueService.java
backend-main	java	454	backend/src/main/java/com/pulsopiura/platform/venues/application/VenueSlotQuoteQuery.java
backend-main	java	538	backend/src/main/java/com/pulsopiura/platform/venues/application/VenueSpaceQuery.java
backend-main	java	578	backend/src/main/java/com/pulsopiura/platform/venues/application/VenueView.java
backend-main	java	499	backend/src/main/java/com/pulsopiura/platform/venues/domain/AvailabilityExceptionType.java
backend-main	java	479	backend/src/main/java/com/pulsopiura/platform/venues/domain/SportCode.java
backend-main	java	122	backend/src/main/java/com/pulsopiura/platform/venues/domain/VenueStatus.java
backend-main	java	694	backend/src/main/java/com/pulsopiura/platform/venues/infrastructure/persistence/AmenityCatalogEntity.java
backend-main	java	415	backend/src/main/java/com/pulsopiura/platform/venues/infrastructure/persistence/AmenityCatalogRepository.java
backend-main	java	4739	backend/src/main/java/com/pulsopiura/platform/venues/infrastructure/persistence/AvailabilityExceptionEntity.java
backend-main	java	530	backend/src/main/java/com/pulsopiura/platform/venues/infrastructure/persistence/AvailabilityExceptionRepository.java
backend-main	java	6149	backend/src/main/java/com/pulsopiura/platform/venues/infrastructure/persistence/AvailabilityRuleEntity.java
backend-main	java	540	backend/src/main/java/com/pulsopiura/platform/venues/infrastructure/persistence/AvailabilityRuleRepository.java
backend-main	java	553	backend/src/main/java/com/pulsopiura/platform/venues/infrastructure/persistence/SportCatalogEntity.java
backend-main	java	374	backend/src/main/java/com/pulsopiura/platform/venues/infrastructure/persistence/SportCatalogRepository.java
backend-main	java	917	backend/src/main/java/com/pulsopiura/platform/venues/infrastructure/persistence/SportFormatCatalogEntity.java
backend-main	java	443	backend/src/main/java/com/pulsopiura/platform/venues/infrastructure/persistence/SportFormatCatalogRepository.java
backend-main	java	1016	backend/src/main/java/com/pulsopiura/platform/venues/infrastructure/persistence/SportSpaceAmenityEntity.java
backend-main	java	483	backend/src/main/java/com/pulsopiura/platform/venues/infrastructure/persistence/SportSpaceAmenityRepository.java
backend-main	java	5740	backend/src/main/java/com/pulsopiura/platform/venues/infrastructure/persistence/SportSpaceEntity.java
backend-main	java	761	backend/src/main/java/com/pulsopiura/platform/venues/infrastructure/persistence/SportSpaceRepository.java
backend-main	java	572	backend/src/main/java/com/pulsopiura/platform/venues/infrastructure/persistence/SurfaceTypeCatalogEntity.java
backend-main	java	401	backend/src/main/java/com/pulsopiura/platform/venues/infrastructure/persistence/SurfaceTypeCatalogRepository.java
backend-main	java	974	backend/src/main/java/com/pulsopiura/platform/venues/infrastructure/persistence/VenueAmenityEntity.java
backend-main	java	434	backend/src/main/java/com/pulsopiura/platform/venues/infrastructure/persistence/VenueAmenityRepository.java
backend-main	java	9754	backend/src/main/java/com/pulsopiura/platform/venues/infrastructure/persistence/VenueEntity.java
backend-main	java	1511	backend/src/main/java/com/pulsopiura/platform/venues/infrastructure/persistence/VenueRepository.java
backend-main	yml	1522	backend/src/main/resources/application.yml
backend-main	yml	535	backend/src/main/resources/application-production.yml
backend-main	sql	127	backend/src/main/resources/db/migration/V1__initialize_app_schema.sql
backend-main	sql	3336	backend/src/main/resources/db/migration/V10__create_reservations.sql
backend-main	sql	488	backend/src/main/resources/db/migration/V11__normalize_currency_columns.sql
backend-main	sql	312	backend/src/main/resources/db/migration/V12__align_jpa_column_types.sql
backend-main	sql	2277	backend/src/main/resources/db/migration/V13__create_sports_matches.sql
backend-main	sql	250	backend/src/main/resources/db/migration/V14__normalize_match_currency.sql
backend-main	sql	1299	backend/src/main/resources/db/migration/V15__create_match_participants.sql
backend-main	sql	779	backend/src/main/resources/db/migration/V16__create_capability_requests.sql
backend-main	sql	738	backend/src/main/resources/db/migration/V17__create_payment_orders.sql
backend-main	sql	190	backend/src/main/resources/db/migration/V18__normalize_payment_currency.sql
backend-main	sql	418	backend/src/main/resources/db/migration/V19__allow_payment_pending_expiration.sql
backend-main	sql	1120	backend/src/main/resources/db/migration/V2__create_identity_and_profiles.sql
backend-main	sql	969	backend/src/main/resources/db/migration/V20__payment_installments_and_audit.sql
backend-main	sql	1380	backend/src/main/resources/db/migration/V21__create_match_join_orders.sql
backend-main	sql	110	backend/src/main/resources/db/migration/V22__normalize_match_join_order_currency.sql
backend-main	sql	822	backend/src/main/resources/db/migration/V23__add_player_identity_and_partner_businesses.sql
backend-main	sql	889	backend/src/main/resources/db/migration/V24__create_reservation_check_in_passes.sql
backend-main	sql	1148	backend/src/main/resources/db/migration/V25__add_partner_business_contact_and_location.sql
backend-main	sql	315	backend/src/main/resources/db/migration/V26__allow_address_based_partner_locations.sql
backend-main	sql	73	backend/src/main/resources/db/migration/V27__add_partner_business_maps_url.sql
backend-main	sql	1124	backend/src/main/resources/db/migration/V28__create_match_invitations.sql
backend-main	sql	687	backend/src/main/resources/db/migration/V29__create_match_check_in_passes.sql
backend-main	sql	457	backend/src/main/resources/db/migration/V3__create_identity_audit.sql
backend-main	sql	269	backend/src/main/resources/db/migration/V30__store_partner_business_images.sql
backend-main	sql	993	backend/src/main/resources/db/migration/V31__create_manual_match_participants.sql
backend-main	sql	492	backend/src/main/resources/db/migration/V32__add_admin_venue_rating.sql
backend-main	sql	2001	backend/src/main/resources/db/migration/V33__organization_location_identity.sql
backend-main	sql	2133	backend/src/main/resources/db/migration/V34__canonical_piura_districts.sql
backend-main	sql	952	backend/src/main/resources/db/migration/V4__create_organizations_and_memberships.sql
backend-main	sql	703	backend/src/main/resources/db/migration/V5__create_organization_invitations.sql
backend-main	sql	2749	backend/src/main/resources/db/migration/V6__create_venues_and_sport_spaces.sql
backend-main	sql	2551	backend/src/main/resources/db/migration/V7__create_availability_rules_and_exceptions.sql
backend-main	sql	4242	backend/src/main/resources/db/migration/V8__create_venue_catalogs_and_amenities.sql
backend-main	sql	276	backend/src/main/resources/db/migration/V9__add_public_venue_slug.sql
backend-test	java	3075	backend/src/test/java/com/pulsopiura/platform/foundation/security/OidcRoleClaimsTest.java
backend-test	java	1389	backend/src/test/java/com/pulsopiura/platform/foundation/security/OidcUserClaimsTest.java
backend-test	java	6341	backend/src/test/java/com/pulsopiura/platform/identity/application/CapabilityRequestServiceTest.java
backend-test	java	1105	backend/src/test/java/com/pulsopiura/platform/identity/infrastructure/persistence/CapabilityRequestEntityTest.java
backend-test	java	654	backend/src/test/java/com/pulsopiura/platform/identity/infrastructure/persistence/UserEntityTest.java
backend-test	java	976	backend/src/test/java/com/pulsopiura/platform/JwtValidationTest.java
backend-test	java	5881	backend/src/test/java/com/pulsopiura/platform/matches/application/ManualMatchParticipantServiceTest.java
backend-test	java	2854	backend/src/test/java/com/pulsopiura/platform/matches/application/MatchAccessPolicyTest.java
backend-test	java	12034	backend/src/test/java/com/pulsopiura/platform/matches/application/MatchJoinPaymentServiceTest.java
backend-test	java	2272	backend/src/test/java/com/pulsopiura/platform/matches/application/MatchOrganizerAuthorizationTest.java
backend-test	java	5404	backend/src/test/java/com/pulsopiura/platform/matches/application/MatchOrganizerManagementServiceTest.java
backend-test	java	7224	backend/src/test/java/com/pulsopiura/platform/matches/application/MatchOrganizerQueryServiceTest.java
backend-test	java	4885	backend/src/test/java/com/pulsopiura/platform/matches/application/MatchServiceTest.java
backend-test	java	2034	backend/src/test/java/com/pulsopiura/platform/matches/domain/MatchParticipantTest.java
backend-test	java	3675	backend/src/test/java/com/pulsopiura/platform/matches/domain/SportsMatchTest.java
backend-test	java	2800	backend/src/test/java/com/pulsopiura/platform/matches/infrastructure/persistence/MatchInvitationEntityTest.java
backend-test	java	4165	backend/src/test/java/com/pulsopiura/platform/organizations/application/OrganizationAuthorizationTest.java
backend-test	java	2324	backend/src/test/java/com/pulsopiura/platform/organizations/application/OrganizationLocationTest.java
backend-test	java	2177	backend/src/test/java/com/pulsopiura/platform/organizations/application/PlatformOrganizationServiceTest.java
backend-test	java	2344	backend/src/test/java/com/pulsopiura/platform/organizations/application/VenueOwnerAuthorizationTest.java
backend-test	java	1168	backend/src/test/java/com/pulsopiura/platform/organizations/infrastructure/persistence/InvitationEntityTest.java
backend-test	java	1327	backend/src/test/java/com/pulsopiura/platform/organizations/infrastructure/persistence/MembershipEntityTest.java
backend-test	java	2148	backend/src/test/java/com/pulsopiura/platform/partners/api/PartnerBusinessControllerAuthorizationTest.java
backend-test	java	6175	backend/src/test/java/com/pulsopiura/platform/partners/application/PartnerBusinessServiceTest.java
backend-test	java	9969	backend/src/test/java/com/pulsopiura/platform/payments/application/PaymentOrderServiceTest.java
backend-test	java	285	backend/src/test/java/com/pulsopiura/platform/ProjectConventionsTest.java
backend-test	java	7023	backend/src/test/java/com/pulsopiura/platform/reservations/application/BookableAvailabilityServiceTest.java
backend-test	java	8576	backend/src/test/java/com/pulsopiura/platform/reservations/application/CreateReservationServiceTest.java
backend-test	java	2393	backend/src/test/java/com/pulsopiura/platform/reservations/application/OrganizationScheduleQueryTest.java
backend-test	java	2514	backend/src/test/java/com/pulsopiura/platform/reservations/application/ReservationAccessTest.java
backend-test	java	4748	backend/src/test/java/com/pulsopiura/platform/reservations/application/ReservationCancellationPolicyTest.java
backend-test	java	9400	backend/src/test/java/com/pulsopiura/platform/reservations/application/ReservationCheckInServiceTest.java
backend-test	java	4520	backend/src/test/java/com/pulsopiura/platform/reservations/application/ReservationCreationTransactionTest.java
backend-test	java	10976	backend/src/test/java/com/pulsopiura/platform/reservations/application/ReservationPaymentConcurrencyTest.java
backend-test	java	4316	backend/src/test/java/com/pulsopiura/platform/reservations/application/ReservationTransitionServiceTest.java
backend-test	java	5850	backend/src/test/java/com/pulsopiura/platform/reservations/domain/ReservationTest.java
backend-test	java	1767	backend/src/test/java/com/pulsopiura/platform/reservations/infrastructure/persistence/JdbcReservationCheckInPassStoreTest.java
backend-test	java	848	backend/src/test/java/com/pulsopiura/platform/shared/DistrictCatalogTest.java
backend-test	java	3421	backend/src/test/java/com/pulsopiura/platform/venues/api/AvailabilityControllerTest.java
backend-test	java	9875	backend/src/test/java/com/pulsopiura/platform/venues/application/AvailabilityServiceTest.java
backend-test	java	16322	backend/src/test/java/com/pulsopiura/platform/venues/application/PublicVenueQueryServiceTest.java
backend-test	java	3859	backend/src/test/java/com/pulsopiura/platform/venues/application/VenueCatalogServiceTest.java
backend-test	java	4641	backend/src/test/java/com/pulsopiura/platform/venues/application/VenueServiceTest.java
backend-test	java	1974	backend/src/test/java/com/pulsopiura/platform/venues/infrastructure/persistence/AvailabilityExceptionEntityTest.java
backend-test	java	4090	backend/src/test/java/com/pulsopiura/platform/venues/infrastructure/persistence/AvailabilityRuleEntityTest.java
backend-test	java	4722	backend/src/test/java/com/pulsopiura/platform/venues/infrastructure/persistence/SportSpaceEntityTest.java
backend-test	java	6111	backend/src/test/java/com/pulsopiura/platform/venues/infrastructure/persistence/VenueEntityTest.java
root-or-support	yaml	1293	compose.yaml
infrastructure	yaml	4750	deploy/coolify/compose.coolify.yaml
infrastructure	md	11617	deploy/coolify/README.md
infrastructure	example	714	deploy/oracle/.env.production.example
infrastructure	sh	945	deploy/oracle/backup.sh
infrastructure	-	1120	deploy/oracle/Caddyfile
infrastructure	yaml	5418	deploy/oracle/compose.production.yaml
infrastructure	sh	483	deploy/oracle/verify.sh
infrastructure	md	7602	deploy/render-vercel/README.md
root-or-support	md	2665	DESIGN.md
root-or-support	md	2498	design-qa.md
architecture-decision	md	334	docs/adr/ADR-001-monolito-modular.md
architecture-decision	md	437	docs/adr/ADR-002-identidad-y-autorizacion.md
architecture-decision	md	281	docs/adr/ADR-003-web-mobile-first.md
architecture-decision	md	658	docs/adr/ADR-004-validacion-diferida.md
architecture-decision	md	312	docs/adr/ADR-005-pagos-desacoplados.md
architecture-decision	md	2103	docs/adr/ADR-006-proveedor-oidc-configurable.md
documentation	md	11511	docs/ANALISIS_REQUERIMIENTOS_IMPORTADOS.md
documentation	md	14028	docs/ARQUITECTURA_SEGURIDAD_REVIEW.md
documentation	md	3334	docs/CONFIGURACIONES_LOCAL_Y_PRODUCCION.md
documentation	png	943378	docs/design/comparison-partidos-before.png
documentation	png	967686	docs/design/comparison-partidos-pass2.png
documentation	png	1001017	docs/design/comparison-partidos-pass3.png
documentation	png	788954	docs/design/comparison-reservas-before.png
documentation	png	659923	docs/design/comparison-reservas-pass2.png
documentation	png	670753	docs/design/comparison-reservas-pass3.png
documentation	png	189404	docs/design/explore-current-pass6.png
documentation	png	2070176	docs/design/explore-map-reference-pass6.png
documentation	png	315320	docs/design/home-partidos-annotated-pass5.png
documentation	png	258275	docs/design/home-partidos-duplicate-venues-pass5.png
documentation	png	287584	docs/design/home-partidos-implementation-before.png
documentation	png	268056	docs/design/home-partidos-implementation-pass2.png
documentation	png	415920	docs/design/home-partidos-implementation-pass3.png
documentation	png	1622843	docs/design/home-partidos-reference.png
documentation	png	2075440	docs/design/home-partidos-reference-pass5.png
documentation	png	2075440	docs/design/home-partidos-reference-pass6.png
documentation	png	1310390	docs/design/home-reservas-agenda-reference.png
documentation	png	127977	docs/design/home-reservas-annotated-pass4.png
documentation	png	252667	docs/design/home-reservas-implementation-before.png
documentation	png	94975	docs/design/home-reservas-implementation-pass2.png
documentation	png	148744	docs/design/home-reservas-implementation-pass3.png
documentation	png	166381	docs/design/home-reservas-lower-pass4.png
documentation	md	1246	docs/ENGINEERING_PRINCIPLES.md
documentation	md	8362	docs/FRONTEND_ROADMAP.md
documentation	md	3478	docs/IDENTITY_LOCAL_SETUP.md
documentation	md	17579	docs/ITERATION_3_VENUES_PLAN.md
documentation	md	13709	docs/ITERATION_4_RESERVATIONS_PLAN.md
documentation	md	3620	docs/ITERATION_5_MATCHES_PLAN.md
documentation	md	4785	docs/NEXT_INCREMENT.md
documentation	md	9688	docs/OBSERVATIONS_OCTOBER_2026.md
documentation	yaml	52597	docs/openapi-identity.yaml
documentation	md	10606	docs/PRODUCCION_ORACLE_FREE_TIER.md
product-doc	md	8704	docs/product/00_contexto_maestro_desarrollo_ia.md
product-doc	md	2735	docs/product/01_vision_y_alcance.md
product-doc	md	2673	docs/product/02_actores_y_procesos.md
product-doc	md	6339	docs/product/03_requisitos_producto.md
product-doc	md	6642	docs/product/04_arquitectura.md
product-doc	md	2959	docs/product/05_modelo_datos.md
product-doc	md	5065	docs/product/06_seguridad_y_privacidad.md
product-doc	md	2983	docs/product/07_mvp_y_roadmap.md
product-doc	md	3310	docs/product/08_validacion_requisitos.md
product-doc	md	9782	docs/product/09_registro_decisiones.md
product-doc	md	4639	docs/product/10_autenticacion_autorizacion.md
product-doc	md	11010	docs/product/11_matriz_roles_permisos.md
product-doc	md	3999	docs/product/12_modelo_amenazas.md
product-doc	md	4138	docs/product/13_contrato_api.md
product-doc	md	2553	docs/product/14_calidad_pruebas.md
product-doc	md	2664	docs/product/15_operacion_despliegue.md
product-doc	md	5388	docs/product/16_inicio_sesion_google.md
product-doc	md	2659	docs/product/17_plantilla_tarea_ia.md
product-doc	md	8509	docs/product/18_modelo_datos_fisico.md
product-doc	md	6946	docs/product/19_epicas_historias_mvp.md
product-doc	md	5449	docs/product/20_modulos_springboot.md
product-doc	md	3816	docs/product/21_diagramas_secuencia.md
product-doc	md	4784	docs/product/22_plan_implementacion.md
product-doc	md	3601	docs/product/23_arquitectura_informacion.md
product-doc	md	3530	docs/product/24_flujos_ux.md
product-doc	md	4920	docs/product/25_reglas_reservas.md
product-doc	md	6080	docs/product/26_reglas_partidos.md
product-doc	md	2523	docs/product/27_panel_complejos.md
product-doc	md	2555	docs/product/28_panel_torneos.md
product-doc	md	3898	docs/product/29_eventos_notificaciones.md
product-doc	md	2846	docs/product/30_especificacion_auditoria.md
product-doc	md	3391	docs/product/31_backlog_iteracion_0.md
product-doc	md	7269	docs/product/32_pagos_yape_plin.md
product-doc	md	3914	docs/product/33_seleccion_proveedor_pagos.md
product-doc	md	5126	docs/product/34_identidad_visual_sistema_diseno.md
product-doc	md	14925	docs/product/35_plan_evolucion_revision_cliente.md
product-doc	md	3072	docs/product/35_wireframes_prototipo.md
product-doc	md	5556	docs/product/36_checklist_maestro.md
product-doc	md	4022	docs/product/37_pruebas_usabilidad_prototipo.md
product-doc	md	2541	docs/product/AGENTS.template.md
product-doc	md	4008	docs/product/README.md
documentation	png	244536	docs/qa/featured-match-mobile.png
documentation	png	153085	docs/qa/featured-match-reference.png
documentation	docx	15172	docs/Requerimientos.docx
documentation	md	6501	docs/RESERVATIONS_PAYMENTS.md
documentation	md	4609	docs/REVISION_SEGURIDAD_OWASP_2026-09-12.md
documentation	md	22685	docs/superpowers/plans/2026-09-27-canchas-reserva-mobile-plan.md
documentation	md	14481	docs/superpowers/plans/2026-09-27-organizador-cupos-pagos-plan.md
documentation	md	12435	docs/superpowers/specs/2026-09-27-mejoras-partidos-reservas-mobile-design.md
documentation	md	1989	docs/VSCODE_PORT_SHARE.md
root-or-support	dockerignore	45	frontend/.dockerignore
root-or-support	md	678	frontend/AGENTS.md
frontend-route	tsx	480	frontend/app/actividad/page.tsx
frontend-route	tsx	327	frontend/app/admin/[orgId]/page.tsx
frontend-route	tsx	248	frontend/app/auth/callback/loading.tsx
frontend-route	tsx	1656	frontend/app/auth/callback/page.tsx
frontend-route	tsx	584	frontend/app/canchas/page.tsx
frontend-route	tsx	1173	frontend/app/crear/page.tsx
frontend-route	tsx	589	frontend/app/error.tsx
frontend-route	tsx	476	frontend/app/invitaciones/[invitationId]/page.tsx
frontend-route	tsx	1445	frontend/app/layout.tsx
frontend-route	tsx	521	frontend/app/not-found.tsx
frontend-route	tsx	228	frontend/app/organizaciones/page.tsx
frontend-route	tsx	164	frontend/app/organizador/page.tsx
frontend-route	tsx	626	frontend/app/page.tsx
frontend-route	tsx	259	frontend/app/partidos/[publicSlug]/page.tsx
frontend-route	tsx	153	frontend/app/partidos/demo-futbol-7/page.tsx
frontend-route	tsx	174	frontend/app/partidos/demo-voley/page.tsx
frontend-route	tsx	597	frontend/app/partidos/invitaciones/[invitationId]/page.tsx
frontend-route	tsx	129	frontend/app/partidos/page.tsx
frontend-route	tsx	14430	frontend/app/perfil/page.tsx
frontend-route	tsx	16491	frontend/app/plataforma/negocios/page.tsx
frontend-route	tsx	5701	frontend/app/plataforma/organizaciones/page.tsx
frontend-route	tsx	3829	frontend/app/plataforma/page.tsx
frontend-route	tsx	6369	frontend/app/plataforma/solicitudes/page.tsx
frontend-route	tsx	288	frontend/app/reservas-cancha/page.tsx
frontend-route	css	242382	frontend/app/styles.css
frontend-route	tsx	982	frontend/app/tercer-tiempo/page.tsx
root-or-support	md	11	frontend/CLAUDE.md
root-or-support	tsx	1254	frontend/components/feedback/FloatingNotice.tsx
root-or-support	tsx	1364	frontend/components/forms/DistrictSelect.tsx
root-or-support	tsx	887	frontend/components/forms/FormSheet.tsx
root-or-support	tsx	4997	frontend/components/forms/FriendlyLocationPicker.tsx
root-or-support	-	1390	frontend/Dockerfile
root-or-support	mjs	296	frontend/eslint.config.mjs
frontend-feature	ts	1877	frontend/features/access/capabilities.ts
frontend-feature	ts	3201	frontend/features/access/useUserCapabilities.ts
frontend-feature	tsx	3070	frontend/features/activity/ActivityDashboard.tsx
frontend-feature	tsx	1591	frontend/features/auth/AuthButton.tsx
frontend-feature	tsx	6720	frontend/features/auth/AuthProvider.tsx
frontend-feature	tsx	1006	frontend/features/feedback/CardSkeletons.tsx
frontend-feature	css	3885	frontend/features/home/FeaturedMatchCard.module.css
frontend-feature	tsx	5182	frontend/features/home/FeaturedMatchCard.tsx
frontend-feature	css	7282	frontend/features/home/FeaturedMatchCardV2.module.css
frontend-feature	tsx	6386	frontend/features/home/FeaturedMatchCardV2.tsx
frontend-feature	tsx	5363	frontend/features/home/HomeDashboard.tsx
frontend-feature	tsx	858	frontend/features/home/HomeModeSwitch.tsx
frontend-feature	tsx	5809	frontend/features/home/HomeVenuePreview.tsx
frontend-feature	tsx	4967	frontend/features/home/MatchDiscoveryPanel.tsx
frontend-feature	css	1531	frontend/features/home/NextMatchCard.module.css
frontend-feature	tsx	1748	frontend/features/home/NextMatchCard.tsx
frontend-feature	tsx	5192	frontend/features/home/ThirdTimeSection.tsx
frontend-feature	tsx	7598	frontend/features/home/VenueAgendaPanel.tsx
frontend-feature	tsx	3161	frontend/features/matches/DemoMatchBuilder.tsx
frontend-feature	tsx	3305	frontend/features/matches/DemoMatchDetail.tsx
frontend-feature	ts	109	frontend/features/matches/draft.ts
frontend-feature	tsx	26387	frontend/features/matches/MatchBuilder.tsx
frontend-feature	tsx	7136	frontend/features/matches/MatchCatalog.tsx
frontend-feature	tsx	6301	frontend/features/matches/MatchCheckInScanner.tsx
frontend-feature	tsx	2323	frontend/features/matches/MatchCreationWorkspace.tsx
frontend-feature	tsx	36884	frontend/features/matches/MatchDetail.tsx
frontend-feature	tsx	2431	frontend/features/matches/MatchInvitationAcceptance.tsx
frontend-feature	tsx	25007	frontend/features/matches/MatchOrganizerDashboard.tsx
frontend-feature	tsx	3250	frontend/features/matches/MatchQrPass.tsx
frontend-feature	ts	588	frontend/features/matches/mobile-checkout.ts
frontend-feature	tsx	3122	frontend/features/matches/MobileMatchCheckout.tsx
frontend-feature	tsx	3198	frontend/features/matches/MyMatchParticipations.tsx
frontend-feature	ts	1970	frontend/features/matches/presentation.ts
frontend-feature	ts	2126	frontend/features/matches/types.ts
frontend-feature	tsx	2962	frontend/features/navigation/AppNavigation.tsx
frontend-feature	tsx	1632	frontend/features/navigation/LocationProvider.tsx
frontend-feature	tsx	2287	frontend/features/navigation/LocationSelector.tsx
frontend-feature	tsx	2483	frontend/features/organizations/InvitationAcceptance.tsx
frontend-feature	tsx	10365	frontend/features/organizations/OrganizationAdmin.tsx
frontend-feature	tsx	10292	frontend/features/organizations/OrganizationWorkspace.tsx
frontend-feature	tsx	2861	frontend/features/organizations/PlatformUserDirectory.tsx
frontend-feature	ts	1129	frontend/features/organizations/user-directory.ts
frontend-feature	tsx	7708	frontend/features/reservations/MyReservations.tsx
frontend-feature	tsx	8754	frontend/features/reservations/OrganizationReservations.tsx
frontend-feature	tsx	5536	frontend/features/reservations/OrganizationSchedule.tsx
frontend-feature	ts	493	frontend/features/reservations/payment-options.ts
frontend-feature	ts	1059	frontend/features/reservations/presentation.ts
frontend-feature	tsx	8447	frontend/features/reservations/ReservationCheckInScanner.tsx
frontend-feature	tsx	15917	frontend/features/reservations/ReservationCheckout.tsx
frontend-feature	tsx	4942	frontend/features/reservations/ReservationQrPass.tsx
frontend-feature	ts	588	frontend/features/reservations/types.ts
frontend-feature	tsx	3864	frontend/features/reservations/VenueOwnerReservationsDashboard.tsx
frontend-feature	tsx	19250	frontend/features/venues/AvailabilityAdmin.tsx
frontend-feature	tsx	38570	frontend/features/venues/PublicVenueCatalog.tsx
frontend-feature	tsx	37621	frontend/features/venues/VenueAdmin.tsx
frontend-feature	css	3853	frontend/features/venues/VenueBookingCard.module.css
frontend-feature	tsx	6089	frontend/features/venues/VenueBookingCard.tsx
frontend-feature	css	5185	frontend/features/venues/VenueScheduleDialog.module.css
frontend-feature	tsx	8400	frontend/features/venues/VenueScheduleDialog.tsx
frontend-lib	ts	3819	frontend/lib/api.ts
frontend-lib	ts	2074	frontend/lib/auth-roles.ts
frontend-lib	ts	1157	frontend/lib/auth-session.ts
frontend-lib	ts	378	frontend/lib/match-discovery.ts
frontend-lib	ts	1837	frontend/lib/oidc.ts
frontend-lib	ts	510	frontend/lib/organization-labels.ts
frontend-lib	ts	1243	frontend/lib/public-links.ts
frontend-lib	ts	4711	frontend/lib/qr-code.ts
frontend-lib	ts	437	frontend/lib/venue-availability.ts
frontend-lib	ts	1444	frontend/lib/venue-discovery.ts
frontend-lib	ts	605	frontend/lib/venue-presentation.ts
frontend-lib	ts	999	frontend/lib/venue-rating.ts
frontend-lib	ts	207	frontend/lib/venue-selection.ts
root-or-support	ts	1676	frontend/next.config.ts
root-or-support	ts	296	frontend/next-env.d.ts
root-or-support	json	751	frontend/package.json
root-or-support	json	217214	frontend/package-lock.json
root-or-support	png	2755386	frontend/public/images/explore-piura-map.png
root-or-support	png	1677350	frontend/public/images/hero-football-night.png
root-or-support	png	1629731	frontend/public/images/hero-match-football-mixed-night.png
root-or-support	png	1640073	frontend/public/images/hero-match-volleyball-night.png
root-or-support	png	1785990	frontend/public/images/hero-venue-padel-night.png
root-or-support	png	373471	frontend/public/images/match-participants-demo.png
root-or-support	png	521525	frontend/public/images/player-carlos-demo.png
root-or-support	jpg	134069	frontend/public/images/third-time-choperia.jpg
root-or-support	jpg	141019	frontend/public/images/third-time-restaurant.jpg
root-or-support	jpg	125171	frontend/public/images/third-time-sports-bar.jpg
root-or-support	png	2481637	frontend/public/images/venue-football-7.png
root-or-support	png	2095791	frontend/public/images/venue-volleyball.png
frontend-test	cjs	8786	frontend/tests/auth-security.test.cjs
frontend-test	cjs	10710	frontend/tests/product-improvements.test.cjs
root-or-support	json	661	frontend/tsconfig.json
root-or-support	json	82	frontend/vercel.json
infrastructure	dockerignore	113	infra/keycloak/.dockerignore
infrastructure	sh	9332	infra/keycloak/bootstrap.sh
infrastructure	-	360	infra/keycloak/Dockerfile
infrastructure	render	733	infra/keycloak/Dockerfile.render
infrastructure	json	2843	infra/keycloak/realm-pulso-piura.json
infrastructure	sh	1913	infra/keycloak/render-entrypoint.sh
infrastructure	json	630	infra/keycloak/security-policy.json
infrastructure	properties	871	infra/keycloak/themes/pulso-piura/login/messages/messages_en.properties
infrastructure	properties	871	infra/keycloak/themes/pulso-piura/login/messages/messages_es.properties
infrastructure	css	9753	infra/keycloak/themes/pulso-piura/login/resources/css/login.css
infrastructure	svg	555	infra/keycloak/themes/pulso-piura/login/resources/img/google.svg
infrastructure	svg	580	infra/keycloak/themes/pulso-piura/login/resources/img/pulso-logo.svg
infrastructure	png	1677350	infra/keycloak/themes/pulso-piura/login/resources/img/stadium-night.png
infrastructure	properties	108	infra/keycloak/themes/pulso-piura/login/theme.properties
infrastructure	sql	13939	infra/postgres/seed-demo.sql
root-or-support	pdf	466648	output/pdf/mejoras-pulso-piura-implementadas.pdf
root-or-support	json	256	premium-audit.json
root-or-support	json	109	premium-ui.json
root-or-support	md	4303	README.md
root-or-support	yaml	1849	render.yaml
operation-script	ps1	15157	scripts/bootstrap-keycloak-local.ps1
operation-script	ps1	2039	scripts/check-auth-security.ps1
operation-script	ps1	3460	scripts/import-local-env.ps1
operation-script	ps1	2138	scripts/restart-frontend.ps1
operation-script	ps1	455	scripts/run-backend.ps1
operation-script	ps1	263	scripts/run-frontend.ps1
operation-script	ps1	1281	scripts/run-infrastructure.ps1
operation-script	ps1	4453	scripts/seed-demo-data.ps1
operation-script	mjs	3558	scripts/share-gateway.mjs
operation-script	ps1	8483	scripts/start-local.ps1
operation-script	ps1	6871	scripts/start-vscode-share.ps1
operation-script	ps1	1802	scripts/stop-local.ps1
operation-script	ps1	15033	scripts/update-codebase-index.ps1
operation-script	ps1	3553	scripts/validate-iteration-3.ps1
operation-script	ps1	3347	scripts/validate-iteration-4.ps1
operation-script	ps1	3793	scripts/validate-reservation-concurrency.ps1
root-or-support	jpg	391619	tmp/pdfs/mejoras-cliente/contact-sheet.jpg
root-or-support	png	146266	tmp/pdfs/mejoras-cliente/page-01.png
root-or-support	txt	891	tmp/pdfs/mejoras-cliente/page-01.txt
root-or-support	png	175873	tmp/pdfs/mejoras-cliente/page-02.png
root-or-support	txt	1245	tmp/pdfs/mejoras-cliente/page-02.txt
root-or-support	png	121556	tmp/pdfs/mejoras-cliente/page-03.png
root-or-support	txt	409	tmp/pdfs/mejoras-cliente/page-03.txt
root-or-support	png	140277	tmp/pdfs/mejoras-cliente/page-04.png
root-or-support	txt	687	tmp/pdfs/mejoras-cliente/page-04.txt
root-or-support	png	399847	tmp/pdfs/mejoras-cliente/page-05.png
root-or-support	txt	269	tmp/pdfs/mejoras-cliente/page-05.txt
root-or-support	png	162907	tmp/pdfs/mejoras-cliente/page-06.png
root-or-support	txt	679	tmp/pdfs/mejoras-cliente/page-06.txt
root-or-support	png	156034	tmp/pdfs/mejoras-cliente/page-07.png
root-or-support	txt	1243	tmp/pdfs/mejoras-cliente/page-07.txt
root-or-support	png	159917	tmp/pdfs/mejoras-cliente/page-08.png
root-or-support	txt	967	tmp/pdfs/mejoras-cliente/page-08.txt
root-or-support	png	163926	tmp/pdfs/mejoras-cliente/page-09.png
root-or-support	txt	659	tmp/pdfs/mejoras-cliente/page-09.txt
root-or-support	png	249128	tmp/pdfs/mejoras-cliente/page-10.png
root-or-support	txt	622	tmp/pdfs/mejoras-cliente/page-10.txt
root-or-support	png	124436	tmp/pdfs/mejoras-cliente/page-11.png
root-or-support	txt	1306	tmp/pdfs/mejoras-cliente/page-11.txt
root-or-support	png	504413	tmp/pdfs/mejoras-cliente/page-12.png
root-or-support	txt	74	tmp/pdfs/mejoras-cliente/page-12.txt
root-or-support	png	246335	tmp/pdfs/mejoras-cliente/page-13.png
root-or-support	txt	0	tmp/pdfs/mejoras-cliente/page-13.txt
root-or-support	md	3374	UX-CONTRACT.md
