stack	module	kind	symbol	path
java	audit	class	IdentityAuditListener	backend/src/main/java/com/pulsopiura/platform/audit/application/IdentityAuditListener.java
java	audit	class	MatchAuditListener	backend/src/main/java/com/pulsopiura/platform/audit/application/MatchAuditListener.java
java	audit	class	OrganizationAuditListener	backend/src/main/java/com/pulsopiura/platform/audit/application/OrganizationAuditListener.java
java	audit	class	VenueAuditListener	backend/src/main/java/com/pulsopiura/platform/audit/application/VenueAuditListener.java
java	audit	class	AuditEventEntity	backend/src/main/java/com/pulsopiura/platform/audit/infrastructure/persistence/AuditEventEntity.java
java	audit	interface	AuditEventRepository	backend/src/main/java/com/pulsopiura/platform/audit/infrastructure/persistence/AuditEventRepository.java
java	foundation	class	CorsConfig	backend/src/main/java/com/pulsopiura/platform/foundation/security/CorsConfig.java
java	foundation	class	OidcRoleClaims	backend/src/main/java/com/pulsopiura/platform/foundation/security/OidcRoleClaims.java
java	foundation	class	OidcUserClaims	backend/src/main/java/com/pulsopiura/platform/foundation/security/OidcUserClaims.java
java	foundation	class	SecurityConfig	backend/src/main/java/com/pulsopiura/platform/foundation/security/SecurityConfig.java
java	foundation	class	HealthController	backend/src/main/java/com/pulsopiura/platform/foundation/web/HealthController.java
java	identity	class	MeController	backend/src/main/java/com/pulsopiura/platform/identity/api/MeController.java
java	identity	record	MeResponse	backend/src/main/java/com/pulsopiura/platform/identity/api/MeController.java
java	identity	record	UpdateProfileRequest	backend/src/main/java/com/pulsopiura/platform/identity/api/MeController.java
java	identity	record	CapabilityRequestRequest	backend/src/main/java/com/pulsopiura/platform/identity/api/MeController.java
java	identity	class	PlatformAdminController	backend/src/main/java/com/pulsopiura/platform/identity/api/PlatformAdminController.java
java	identity	record	ReviewRequest	backend/src/main/java/com/pulsopiura/platform/identity/api/PlatformAdminController.java
java	identity	record	RevokeRequest	backend/src/main/java/com/pulsopiura/platform/identity/api/PlatformAdminController.java
java	identity	class	CapabilityRequestService	backend/src/main/java/com/pulsopiura/platform/identity/application/CapabilityRequestService.java
java	identity	record	CapabilityRequestView	backend/src/main/java/com/pulsopiura/platform/identity/application/CapabilityRequestService.java
java	identity	record	CurrentUser	backend/src/main/java/com/pulsopiura/platform/identity/application/CurrentUser.java
java	identity	class	CurrentUserService	backend/src/main/java/com/pulsopiura/platform/identity/application/CurrentUserService.java
java	identity	class	PlatformAdminQueryService	backend/src/main/java/com/pulsopiura/platform/identity/application/PlatformAdminQueryService.java
java	identity	record	SummaryView	backend/src/main/java/com/pulsopiura/platform/identity/application/PlatformAdminQueryService.java
java	identity	record	RequestView	backend/src/main/java/com/pulsopiura/platform/identity/application/PlatformAdminQueryService.java
java	identity	record	UserView	backend/src/main/java/com/pulsopiura/platform/identity/application/PlatformAdminQueryService.java
java	identity	record	UserProvisioned	backend/src/main/java/com/pulsopiura/platform/identity/application/UserProvisioned.java
java	identity	enum	CapabilityType	backend/src/main/java/com/pulsopiura/platform/identity/domain/CapabilityType.java
java	identity	enum	UserStatus	backend/src/main/java/com/pulsopiura/platform/identity/domain/UserStatus.java
java	identity	class	CapabilityRequestEntity	backend/src/main/java/com/pulsopiura/platform/identity/infrastructure/persistence/CapabilityRequestEntity.java
java	identity	interface	CapabilityRequestRepository	backend/src/main/java/com/pulsopiura/platform/identity/infrastructure/persistence/CapabilityRequestRepository.java
java	identity	class	UserEntity	backend/src/main/java/com/pulsopiura/platform/identity/infrastructure/persistence/UserEntity.java
java	identity	interface	UserRepository	backend/src/main/java/com/pulsopiura/platform/identity/infrastructure/persistence/UserRepository.java
java	matches	class	MatchController	backend/src/main/java/com/pulsopiura/platform/matches/api/MatchController.java
java	matches	record	CreateMatchRequest	backend/src/main/java/com/pulsopiura/platform/matches/api/MatchController.java
java	matches	record	CreateJoinOrderRequest	backend/src/main/java/com/pulsopiura/platform/matches/api/MatchController.java
java	matches	record	InviteToMatchRequest	backend/src/main/java/com/pulsopiura/platform/matches/api/MatchController.java
java	matches	record	AddManualParticipantRequest	backend/src/main/java/com/pulsopiura/platform/matches/api/MatchController.java
java	matches	record	UpdateManualParticipantPaymentRequest	backend/src/main/java/com/pulsopiura/platform/matches/api/MatchController.java
java	matches	record	MatchCheckInRequest	backend/src/main/java/com/pulsopiura/platform/matches/api/MatchController.java
java	matches	class	ManualMatchParticipantService	backend/src/main/java/com/pulsopiura/platform/matches/application/ManualMatchParticipantService.java
java	matches	record	ManualParticipantView	backend/src/main/java/com/pulsopiura/platform/matches/application/ManualMatchParticipantService.java
java	matches	interface	ManualMatchParticipantStore	backend/src/main/java/com/pulsopiura/platform/matches/application/ManualMatchParticipantStore.java
java	matches	class	MatchAccessPolicy	backend/src/main/java/com/pulsopiura/platform/matches/application/MatchAccessPolicy.java
java	matches	class	MatchActivityQueryService	backend/src/main/java/com/pulsopiura/platform/matches/application/MatchActivityQueryService.java
java	matches	record	ActivityView	backend/src/main/java/com/pulsopiura/platform/matches/application/MatchActivityQueryService.java
java	matches	record	MatchAuditEvent	backend/src/main/java/com/pulsopiura/platform/matches/application/MatchAuditEvent.java
java	matches	class	MatchCheckInService	backend/src/main/java/com/pulsopiura/platform/matches/application/MatchCheckInService.java
java	matches	record	MatchPass	backend/src/main/java/com/pulsopiura/platform/matches/application/MatchCheckInService.java
java	matches	record	CheckInPlayer	backend/src/main/java/com/pulsopiura/platform/matches/application/MatchCheckInService.java
java	matches	class	MatchDetailMetadataService	backend/src/main/java/com/pulsopiura/platform/matches/application/MatchDetailMetadataService.java
java	matches	record	Metadata	backend/src/main/java/com/pulsopiura/platform/matches/application/MatchDetailMetadataService.java
java	matches	class	MatchInvitationService	backend/src/main/java/com/pulsopiura/platform/matches/application/MatchInvitationService.java
java	matches	record	InvitationView	backend/src/main/java/com/pulsopiura/platform/matches/application/MatchInvitationService.java
java	matches	record	AcceptanceView	backend/src/main/java/com/pulsopiura/platform/matches/application/MatchInvitationService.java
java	matches	class	MatchJoinPaymentService	backend/src/main/java/com/pulsopiura/platform/matches/application/MatchJoinPaymentService.java
java	matches	record	JoinOrderView	backend/src/main/java/com/pulsopiura/platform/matches/application/MatchJoinPaymentService.java
java	matches	class	MatchOrganizerAuthorization	backend/src/main/java/com/pulsopiura/platform/matches/application/MatchOrganizerAuthorization.java
java	matches	class	MatchOrganizerManagementService	backend/src/main/java/com/pulsopiura/platform/matches/application/MatchOrganizerManagementService.java
java	matches	class	MatchOrganizerQueryService	backend/src/main/java/com/pulsopiura/platform/matches/application/MatchOrganizerQueryService.java
java	matches	record	ParticipantView	backend/src/main/java/com/pulsopiura/platform/matches/application/MatchOrganizerQueryService.java
java	matches	record	OrganizerIdentity	backend/src/main/java/com/pulsopiura/platform/matches/application/MatchOrganizerQueryService.java
java	matches	class	MatchParticipantPreviewService	backend/src/main/java/com/pulsopiura/platform/matches/application/MatchParticipantPreviewService.java
java	matches	record	ParticipantPreview	backend/src/main/java/com/pulsopiura/platform/matches/application/MatchParticipantPreviewService.java
java	matches	interface	MatchParticipantStore	backend/src/main/java/com/pulsopiura/platform/matches/application/MatchParticipantStore.java
java	matches	class	MatchParticipationService	backend/src/main/java/com/pulsopiura/platform/matches/application/MatchParticipationService.java
java	matches	record	MatchParticipationView	backend/src/main/java/com/pulsopiura/platform/matches/application/MatchParticipationView.java
java	matches	interface	MatchPaymentProvider	backend/src/main/java/com/pulsopiura/platform/matches/application/MatchPaymentProvider.java
java	matches	class	MatchService	backend/src/main/java/com/pulsopiura/platform/matches/application/MatchService.java
java	matches	record	CreateCommand	backend/src/main/java/com/pulsopiura/platform/matches/application/MatchService.java
java	matches	interface	MatchStore	backend/src/main/java/com/pulsopiura/platform/matches/application/MatchStore.java
java	matches	record	MatchView	backend/src/main/java/com/pulsopiura/platform/matches/application/MatchView.java
java	matches	class	ManualMatchParticipant	backend/src/main/java/com/pulsopiura/platform/matches/domain/ManualMatchParticipant.java
java	matches	class	MatchParticipant	backend/src/main/java/com/pulsopiura/platform/matches/domain/MatchParticipant.java
java	matches	enum	MatchParticipantStatus	backend/src/main/java/com/pulsopiura/platform/matches/domain/MatchParticipantStatus.java
java	matches	enum	MatchPaymentMethod	backend/src/main/java/com/pulsopiura/platform/matches/domain/MatchPaymentMethod.java
java	matches	enum	MatchStatus	backend/src/main/java/com/pulsopiura/platform/matches/domain/MatchStatus.java
java	matches	enum	MatchVisibility	backend/src/main/java/com/pulsopiura/platform/matches/domain/MatchVisibility.java
java	matches	enum	SkillLevel	backend/src/main/java/com/pulsopiura/platform/matches/domain/SkillLevel.java
java	matches	class	SportsMatch	backend/src/main/java/com/pulsopiura/platform/matches/domain/SportsMatch.java
java	matches	class	JpaManualMatchParticipantStore	backend/src/main/java/com/pulsopiura/platform/matches/infrastructure/persistence/JpaManualMatchParticipantStore.java
java	matches	class	JpaMatchParticipantStore	backend/src/main/java/com/pulsopiura/platform/matches/infrastructure/persistence/JpaMatchParticipantStore.java
java	matches	class	JpaMatchStore	backend/src/main/java/com/pulsopiura/platform/matches/infrastructure/persistence/JpaMatchStore.java
java	matches	class	ManualMatchParticipantJpaEntity	backend/src/main/java/com/pulsopiura/platform/matches/infrastructure/persistence/ManualMatchParticipantJpaEntity.java
java	matches	interface	ManualMatchParticipantJpaRepository	backend/src/main/java/com/pulsopiura/platform/matches/infrastructure/persistence/ManualMatchParticipantJpaRepository.java
java	matches	class	MatchInvitationEntity	backend/src/main/java/com/pulsopiura/platform/matches/infrastructure/persistence/MatchInvitationEntity.java
java	matches	interface	MatchInvitationRepository	backend/src/main/java/com/pulsopiura/platform/matches/infrastructure/persistence/MatchInvitationRepository.java
java	matches	class	MatchJoinOrderEntity	backend/src/main/java/com/pulsopiura/platform/matches/infrastructure/persistence/MatchJoinOrderEntity.java
java	matches	interface	MatchJoinOrderRepository	backend/src/main/java/com/pulsopiura/platform/matches/infrastructure/persistence/MatchJoinOrderRepository.java
java	matches	class	MatchParticipantJpaEntity	backend/src/main/java/com/pulsopiura/platform/matches/infrastructure/persistence/MatchParticipantJpaEntity.java
java	matches	interface	MatchParticipantJpaRepository	backend/src/main/java/com/pulsopiura/platform/matches/infrastructure/persistence/MatchParticipantJpaRepository.java
java	matches	class	SportsMatchJpaEntity	backend/src/main/java/com/pulsopiura/platform/matches/infrastructure/persistence/SportsMatchJpaEntity.java
java	matches	interface	SportsMatchJpaRepository	backend/src/main/java/com/pulsopiura/platform/matches/infrastructure/persistence/SportsMatchJpaRepository.java
java	organizations	class	OrganizationController	backend/src/main/java/com/pulsopiura/platform/organizations/api/OrganizationController.java
java	organizations	record	CreateOrganizationRequest	backend/src/main/java/com/pulsopiura/platform/organizations/api/OrganizationController.java
java	organizations	record	InviteMemberRequest	backend/src/main/java/com/pulsopiura/platform/organizations/api/OrganizationController.java
java	organizations	class	OrganizationOperationsController	backend/src/main/java/com/pulsopiura/platform/organizations/api/OrganizationOperationsController.java
java	organizations	class	PlatformOrganizationAdminController	backend/src/main/java/com/pulsopiura/platform/organizations/api/PlatformOrganizationAdminController.java
java	organizations	record	OwnerRequest	backend/src/main/java/com/pulsopiura/platform/organizations/api/PlatformOrganizationAdminController.java
java	organizations	record	InvitationView	backend/src/main/java/com/pulsopiura/platform/organizations/application/InvitationView.java
java	organizations	class	MembershipService	backend/src/main/java/com/pulsopiura/platform/organizations/application/MembershipService.java
java	organizations	record	MemberView	backend/src/main/java/com/pulsopiura/platform/organizations/application/MemberView.java
java	organizations	record	OrganizationAuditEvent	backend/src/main/java/com/pulsopiura/platform/organizations/application/OrganizationAuditEvent.java
java	organizations	class	OrganizationAuthorization	backend/src/main/java/com/pulsopiura/platform/organizations/application/OrganizationAuthorization.java
java	organizations	class	OrganizationOperationsQuery	backend/src/main/java/com/pulsopiura/platform/organizations/application/OrganizationOperationsQuery.java
java	organizations	record	Overview	backend/src/main/java/com/pulsopiura/platform/organizations/application/OrganizationOperationsQuery.java
java	organizations	record	Staff	backend/src/main/java/com/pulsopiura/platform/organizations/application/OrganizationOperationsQuery.java
java	organizations	class	OrganizationService	backend/src/main/java/com/pulsopiura/platform/organizations/application/OrganizationService.java
java	organizations	class	OrganizationSettingsQuery	backend/src/main/java/com/pulsopiura/platform/organizations/application/OrganizationSettingsQuery.java
java	organizations	record	OrganizationView	backend/src/main/java/com/pulsopiura/platform/organizations/application/OrganizationView.java
java	organizations	class	PlatformOrganizationService	backend/src/main/java/com/pulsopiura/platform/organizations/application/PlatformOrganizationService.java
java	organizations	record	OwnerView	backend/src/main/java/com/pulsopiura/platform/organizations/application/PlatformOrganizationService.java
java	organizations	record	OrganizationAdminView	backend/src/main/java/com/pulsopiura/platform/organizations/application/PlatformOrganizationService.java
java	organizations	class	VenueOwnerAuthorization	backend/src/main/java/com/pulsopiura/platform/organizations/application/VenueOwnerAuthorization.java
java	organizations	enum	OrganizationPermission	backend/src/main/java/com/pulsopiura/platform/organizations/domain/OrganizationPermission.java
java	organizations	enum	OrganizationRole	backend/src/main/java/com/pulsopiura/platform/organizations/domain/OrganizationRole.java
java	organizations	class	InvitationEntity	backend/src/main/java/com/pulsopiura/platform/organizations/infrastructure/persistence/InvitationEntity.java
java	organizations	interface	InvitationRepository	backend/src/main/java/com/pulsopiura/platform/organizations/infrastructure/persistence/InvitationRepository.java
java	organizations	class	MembershipEntity	backend/src/main/java/com/pulsopiura/platform/organizations/infrastructure/persistence/MembershipEntity.java
java	organizations	interface	MembershipRepository	backend/src/main/java/com/pulsopiura/platform/organizations/infrastructure/persistence/MembershipRepository.java
java	organizations	class	OrganizationEntity	backend/src/main/java/com/pulsopiura/platform/organizations/infrastructure/persistence/OrganizationEntity.java
java	organizations	interface	OrganizationRepository	backend/src/main/java/com/pulsopiura/platform/organizations/infrastructure/persistence/OrganizationRepository.java
java	partners	class	PartnerBusinessController	backend/src/main/java/com/pulsopiura/platform/partners/api/PartnerBusinessController.java
java	partners	record	BusinessRequest	backend/src/main/java/com/pulsopiura/platform/partners/api/PartnerBusinessController.java
java	partners	class	PartnerBusinessService	backend/src/main/java/com/pulsopiura/platform/partners/application/PartnerBusinessService.java
java	partners	record	BusinessCommand	backend/src/main/java/com/pulsopiura/platform/partners/application/PartnerBusinessService.java
java	partners	record	BusinessView	backend/src/main/java/com/pulsopiura/platform/partners/application/PartnerBusinessService.java
java	partners	record	BusinessImage	backend/src/main/java/com/pulsopiura/platform/partners/application/PartnerBusinessService.java
java	payments	class	PaymentOrderController	backend/src/main/java/com/pulsopiura/platform/payments/api/PaymentOrderController.java
java	payments	record	CreatePaymentRequest	backend/src/main/java/com/pulsopiura/platform/payments/api/PaymentOrderController.java
java	payments	class	PaymentOrderService	backend/src/main/java/com/pulsopiura/platform/payments/application/PaymentOrderService.java
java	payments	record	PaymentOrderView	backend/src/main/java/com/pulsopiura/platform/payments/application/PaymentOrderService.java
java	payments	interface	PaymentProviderPort	backend/src/main/java/com/pulsopiura/platform/payments/application/port/PaymentProviderPort.java
java	payments	enum	PaymentMethod	backend/src/main/java/com/pulsopiura/platform/payments/domain/PaymentMethod.java
java	payments	enum	PaymentPlan	backend/src/main/java/com/pulsopiura/platform/payments/domain/PaymentPlan.java
java	payments	class	PaymentAuditStore	backend/src/main/java/com/pulsopiura/platform/payments/infrastructure/persistence/PaymentAuditStore.java
java	payments	class	PaymentOrderEntity	backend/src/main/java/com/pulsopiura/platform/payments/infrastructure/persistence/PaymentOrderEntity.java
java	payments	interface	PaymentOrderRepository	backend/src/main/java/com/pulsopiura/platform/payments/infrastructure/persistence/PaymentOrderRepository.java
java	payments	class	ReservationPaymentAdapter	backend/src/main/java/com/pulsopiura/platform/payments/infrastructure/persistence/ReservationPaymentAdapter.java
java	payments	class	MatchPaymentProviderAdapter	backend/src/main/java/com/pulsopiura/platform/payments/infrastructure/provider/MatchPaymentProviderAdapter.java
java	payments	class	SandboxPaymentProvider	backend/src/main/java/com/pulsopiura/platform/payments/infrastructure/provider/SandboxPaymentProvider.java
java	profiles	record	PlayerProfile	backend/src/main/java/com/pulsopiura/platform/profiles/application/PlayerProfile.java
java	profiles	class	PlayerProfileService	backend/src/main/java/com/pulsopiura/platform/profiles/application/PlayerProfileService.java
java	profiles	class	PlayerProfileEntity	backend/src/main/java/com/pulsopiura/platform/profiles/infrastructure/persistence/PlayerProfileEntity.java
java	profiles	interface	PlayerProfileRepository	backend/src/main/java/com/pulsopiura/platform/profiles/infrastructure/persistence/PlayerProfileRepository.java
java	profiles	class	UserConsentEntity	backend/src/main/java/com/pulsopiura/platform/profiles/infrastructure/persistence/UserConsentEntity.java
java	profiles	interface	UserConsentRepository	backend/src/main/java/com/pulsopiura/platform/profiles/infrastructure/persistence/UserConsentRepository.java
java	PulsoPiuraApplication.java	class	PulsoPiuraApplication	backend/src/main/java/com/pulsopiura/platform/PulsoPiuraApplication.java
java	reservations	class	BookableAvailabilityController	backend/src/main/java/com/pulsopiura/platform/reservations/api/BookableAvailabilityController.java
java	reservations	class	MyReservationController	backend/src/main/java/com/pulsopiura/platform/reservations/api/MyReservationController.java
java	reservations	class	OrganizationReservationController	backend/src/main/java/com/pulsopiura/platform/reservations/api/OrganizationReservationController.java
java	reservations	class	ReservationCheckInController	backend/src/main/java/com/pulsopiura/platform/reservations/api/ReservationCheckInController.java
java	reservations	record	ScanRequest	backend/src/main/java/com/pulsopiura/platform/reservations/api/ReservationCheckInController.java
java	reservations	class	ReservationController	backend/src/main/java/com/pulsopiura/platform/reservations/api/ReservationController.java
java	reservations	record	CreateReservationRequest	backend/src/main/java/com/pulsopiura/platform/reservations/api/ReservationController.java
java	reservations	class	BookableAvailabilityService	backend/src/main/java/com/pulsopiura/platform/reservations/application/BookableAvailabilityService.java
java	reservations	class	CreateReservationService	backend/src/main/java/com/pulsopiura/platform/reservations/application/CreateReservationService.java
java	reservations	record	CreationResult	backend/src/main/java/com/pulsopiura/platform/reservations/application/CreateReservationService.java
java	reservations	class	OrganizationScheduleQuery	backend/src/main/java/com/pulsopiura/platform/reservations/application/OrganizationScheduleQuery.java
java	reservations	record	Turn	backend/src/main/java/com/pulsopiura/platform/reservations/application/OrganizationScheduleQuery.java
java	reservations	interface	ReservationCheckInDetailsQuery	backend/src/main/java/com/pulsopiura/platform/reservations/application/port/ReservationCheckInDetailsQuery.java
java	reservations	record	Details	backend/src/main/java/com/pulsopiura/platform/reservations/application/port/ReservationCheckInDetailsQuery.java
java	reservations	interface	ReservationCheckInPassStore	backend/src/main/java/com/pulsopiura/platform/reservations/application/port/ReservationCheckInPassStore.java
java	reservations	record	PassRecord	backend/src/main/java/com/pulsopiura/platform/reservations/application/port/ReservationCheckInPassStore.java
java	reservations	interface	ReservationDetailsQuery	backend/src/main/java/com/pulsopiura/platform/reservations/application/port/ReservationDetailsQuery.java
java	reservations	record	Names	backend/src/main/java/com/pulsopiura/platform/reservations/application/port/ReservationDetailsQuery.java
java	reservations	record	Summary	backend/src/main/java/com/pulsopiura/platform/reservations/application/port/ReservationDetailsQuery.java
java	reservations	interface	ReservationHistoryStore	backend/src/main/java/com/pulsopiura/platform/reservations/application/port/ReservationHistoryStore.java
java	reservations	interface	ReservationPaymentQuery	backend/src/main/java/com/pulsopiura/platform/reservations/application/port/ReservationPaymentQuery.java
java	reservations	interface	ReservationStore	backend/src/main/java/com/pulsopiura/platform/reservations/application/port/ReservationStore.java
java	reservations	record	OrganizationReservationRow	backend/src/main/java/com/pulsopiura/platform/reservations/application/port/ReservationStore.java
java	reservations	class	ReservationAccess	backend/src/main/java/com/pulsopiura/platform/reservations/application/ReservationAccess.java
java	reservations	class	ReservationCheckInService	backend/src/main/java/com/pulsopiura/platform/reservations/application/ReservationCheckInService.java
java	reservations	record	CheckInPass	backend/src/main/java/com/pulsopiura/platform/reservations/application/ReservationCheckInService.java
java	reservations	record	CheckInReservation	backend/src/main/java/com/pulsopiura/platform/reservations/application/ReservationCheckInService.java
java	reservations	class	ReservationConflictException	backend/src/main/java/com/pulsopiura/platform/reservations/application/ReservationConflictException.java
java	reservations	class	ReservationCreationTransaction	backend/src/main/java/com/pulsopiura/platform/reservations/application/ReservationCreationTransaction.java
java	reservations	class	ReservationQueryService	backend/src/main/java/com/pulsopiura/platform/reservations/application/ReservationQueryService.java
java	reservations	record	ReservationPage	backend/src/main/java/com/pulsopiura/platform/reservations/application/ReservationQueryService.java
java	reservations	record	OrganizationReservationPage	backend/src/main/java/com/pulsopiura/platform/reservations/application/ReservationQueryService.java
java	reservations	record	OrganizationReservationView	backend/src/main/java/com/pulsopiura/platform/reservations/application/ReservationQueryService.java
java	reservations	class	ReservationRateLimitException	backend/src/main/java/com/pulsopiura/platform/reservations/application/ReservationRateLimitException.java
java	reservations	class	ReservationRequestFingerprint	backend/src/main/java/com/pulsopiura/platform/reservations/application/ReservationRequestFingerprint.java
java	reservations	class	ReservationTransitionService	backend/src/main/java/com/pulsopiura/platform/reservations/application/ReservationTransitionService.java
java	reservations	record	ReservationView	backend/src/main/java/com/pulsopiura/platform/reservations/application/ReservationView.java
java	reservations	class	Reservation	backend/src/main/java/com/pulsopiura/platform/reservations/domain/Reservation.java
java	reservations	record	ReservationIdempotencyKey	backend/src/main/java/com/pulsopiura/platform/reservations/domain/ReservationIdempotencyKey.java
java	reservations	record	ReservationMoney	backend/src/main/java/com/pulsopiura/platform/reservations/domain/ReservationMoney.java
java	reservations	enum	ReservationStatus	backend/src/main/java/com/pulsopiura/platform/reservations/domain/ReservationStatus.java
java	reservations	record	ReservationStatusTransition	backend/src/main/java/com/pulsopiura/platform/reservations/domain/ReservationStatusTransition.java
java	reservations	record	ReservationTimeRange	backend/src/main/java/com/pulsopiura/platform/reservations/domain/ReservationTimeRange.java
java	reservations	enum	ReservationTransitionActor	backend/src/main/java/com/pulsopiura/platform/reservations/domain/ReservationTransitionActor.java
java	reservations	class	ReservationConfiguration	backend/src/main/java/com/pulsopiura/platform/reservations/infrastructure/config/ReservationConfiguration.java
java	reservations	record	ReservationProperties	backend/src/main/java/com/pulsopiura/platform/reservations/infrastructure/config/ReservationProperties.java
java	reservations	class	JdbcReservationCheckInDetailsQuery	backend/src/main/java/com/pulsopiura/platform/reservations/infrastructure/persistence/JdbcReservationCheckInDetailsQuery.java
java	reservations	class	JdbcReservationCheckInPassStore	backend/src/main/java/com/pulsopiura/platform/reservations/infrastructure/persistence/JdbcReservationCheckInPassStore.java
java	reservations	class	JdbcReservationDetailsQuery	backend/src/main/java/com/pulsopiura/platform/reservations/infrastructure/persistence/JdbcReservationDetailsQuery.java
java	reservations	class	JpaReservationHistoryStore	backend/src/main/java/com/pulsopiura/platform/reservations/infrastructure/persistence/JpaReservationHistoryStore.java
java	reservations	class	JpaReservationStore	backend/src/main/java/com/pulsopiura/platform/reservations/infrastructure/persistence/JpaReservationStore.java
java	reservations	class	ReservationJpaEntity	backend/src/main/java/com/pulsopiura/platform/reservations/infrastructure/persistence/ReservationJpaEntity.java
java	reservations	interface	ReservationJpaRepository	backend/src/main/java/com/pulsopiura/platform/reservations/infrastructure/persistence/ReservationJpaRepository.java
java	reservations	interface	OrganizationReservationProjection	backend/src/main/java/com/pulsopiura/platform/reservations/infrastructure/persistence/ReservationJpaRepository.java
java	reservations	class	ReservationStatusHistoryEntity	backend/src/main/java/com/pulsopiura/platform/reservations/infrastructure/persistence/ReservationStatusHistoryEntity.java
java	reservations	interface	ReservationStatusHistoryJpaRepository	backend/src/main/java/com/pulsopiura/platform/reservations/infrastructure/persistence/ReservationStatusHistoryJpaRepository.java
java	shared	class	ApiExceptionHandler	backend/src/main/java/com/pulsopiura/platform/shared/api/ApiExceptionHandler.java
java	shared	class	DistrictCatalog	backend/src/main/java/com/pulsopiura/platform/shared/DistrictCatalog.java
java	venues	class	AvailabilityController	backend/src/main/java/com/pulsopiura/platform/venues/api/AvailabilityController.java
java	venues	record	CreateAvailabilityRuleRequest	backend/src/main/java/com/pulsopiura/platform/venues/api/AvailabilityController.java
java	venues	record	CreateAvailabilityExceptionRequest	backend/src/main/java/com/pulsopiura/platform/venues/api/AvailabilityController.java
java	venues	class	PublicVenueController	backend/src/main/java/com/pulsopiura/platform/venues/api/PublicVenueController.java
java	venues	class	SportSpaceController	backend/src/main/java/com/pulsopiura/platform/venues/api/SportSpaceController.java
java	venues	record	UpdateSportSpaceRequest	backend/src/main/java/com/pulsopiura/platform/venues/api/SportSpaceController.java
java	venues	class	VenueCatalogController	backend/src/main/java/com/pulsopiura/platform/venues/api/VenueCatalogController.java
java	venues	class	VenueController	backend/src/main/java/com/pulsopiura/platform/venues/api/VenueController.java
java	venues	record	CreateVenueRequest	backend/src/main/java/com/pulsopiura/platform/venues/api/VenueController.java
java	venues	record	UpdateVenueRequest	backend/src/main/java/com/pulsopiura/platform/venues/api/VenueController.java
java	venues	record	CreateSportSpaceRequest	backend/src/main/java/com/pulsopiura/platform/venues/api/VenueController.java
java	venues	class	AmenityService	backend/src/main/java/com/pulsopiura/platform/venues/application/AmenityService.java
java	venues	record	AvailabilityExceptionView	backend/src/main/java/com/pulsopiura/platform/venues/application/AvailabilityExceptionView.java
java	venues	record	AvailabilityRuleView	backend/src/main/java/com/pulsopiura/platform/venues/application/AvailabilityRuleView.java
java	venues	class	AvailabilityService	backend/src/main/java/com/pulsopiura/platform/venues/application/AvailabilityService.java
java	venues	class	PublicVenueQueryService	backend/src/main/java/com/pulsopiura/platform/venues/application/PublicVenueQueryService.java
java	venues	class	PublicVenueViews	backend/src/main/java/com/pulsopiura/platform/venues/application/PublicVenueViews.java
java	venues	record	VenuePage	backend/src/main/java/com/pulsopiura/platform/venues/application/PublicVenueViews.java
java	venues	record	Venue	backend/src/main/java/com/pulsopiura/platform/venues/application/PublicVenueViews.java
java	venues	record	Space	backend/src/main/java/com/pulsopiura/platform/venues/application/PublicVenueViews.java
java	venues	record	Availability	backend/src/main/java/com/pulsopiura/platform/venues/application/PublicVenueViews.java
java	venues	record	Slot	backend/src/main/java/com/pulsopiura/platform/venues/application/PublicVenueViews.java
java	venues	class	SlotNotBookableException	backend/src/main/java/com/pulsopiura/platform/venues/application/SlotNotBookableException.java
java	venues	record	SportSpaceView	backend/src/main/java/com/pulsopiura/platform/venues/application/SportSpaceView.java
java	venues	record	VenueAuditEvent	backend/src/main/java/com/pulsopiura/platform/venues/application/VenueAuditEvent.java
java	venues	interface	VenueAvailabilityQuery	backend/src/main/java/com/pulsopiura/platform/venues/application/VenueAvailabilityQuery.java
java	venues	class	VenueCatalogService	backend/src/main/java/com/pulsopiura/platform/venues/application/VenueCatalogService.java
java	venues	record	SpaceCatalogSelection	backend/src/main/java/com/pulsopiura/platform/venues/application/VenueCatalogService.java
java	venues	record	VenueCatalogView	backend/src/main/java/com/pulsopiura/platform/venues/application/VenueCatalogView.java
java	venues	record	CatalogItem	backend/src/main/java/com/pulsopiura/platform/venues/application/VenueCatalogView.java
java	venues	record	SportFormatItem	backend/src/main/java/com/pulsopiura/platform/venues/application/VenueCatalogView.java
java	venues	record	AmenityItem	backend/src/main/java/com/pulsopiura/platform/venues/application/VenueCatalogView.java
java	venues	class	VenueService	backend/src/main/java/com/pulsopiura/platform/venues/application/VenueService.java
java	venues	interface	VenueSlotQuoteQuery	backend/src/main/java/com/pulsopiura/platform/venues/application/VenueSlotQuoteQuery.java
java	venues	record	SlotQuote	backend/src/main/java/com/pulsopiura/platform/venues/application/VenueSlotQuoteQuery.java
java	venues	interface	VenueSpaceQuery	backend/src/main/java/com/pulsopiura/platform/venues/application/VenueSpaceQuery.java
java	venues	record	SpaceSnapshot	backend/src/main/java/com/pulsopiura/platform/venues/application/VenueSpaceQuery.java
java	venues	record	VenueView	backend/src/main/java/com/pulsopiura/platform/venues/application/VenueView.java
java	venues	enum	AvailabilityExceptionType	backend/src/main/java/com/pulsopiura/platform/venues/domain/AvailabilityExceptionType.java
java	venues	enum	SportCode	backend/src/main/java/com/pulsopiura/platform/venues/domain/SportCode.java
java	venues	enum	VenueStatus	backend/src/main/java/com/pulsopiura/platform/venues/domain/VenueStatus.java
java	venues	class	AmenityCatalogEntity	backend/src/main/java/com/pulsopiura/platform/venues/infrastructure/persistence/AmenityCatalogEntity.java
java	venues	interface	AmenityCatalogRepository	backend/src/main/java/com/pulsopiura/platform/venues/infrastructure/persistence/AmenityCatalogRepository.java
java	venues	class	AvailabilityExceptionEntity	backend/src/main/java/com/pulsopiura/platform/venues/infrastructure/persistence/AvailabilityExceptionEntity.java
java	venues	interface	AvailabilityExceptionRepository	backend/src/main/java/com/pulsopiura/platform/venues/infrastructure/persistence/AvailabilityExceptionRepository.java
java	venues	class	AvailabilityRuleEntity	backend/src/main/java/com/pulsopiura/platform/venues/infrastructure/persistence/AvailabilityRuleEntity.java
java	venues	interface	AvailabilityRuleRepository	backend/src/main/java/com/pulsopiura/platform/venues/infrastructure/persistence/AvailabilityRuleRepository.java
java	venues	class	SportCatalogEntity	backend/src/main/java/com/pulsopiura/platform/venues/infrastructure/persistence/SportCatalogEntity.java
java	venues	interface	SportCatalogRepository	backend/src/main/java/com/pulsopiura/platform/venues/infrastructure/persistence/SportCatalogRepository.java
java	venues	class	SportFormatCatalogEntity	backend/src/main/java/com/pulsopiura/platform/venues/infrastructure/persistence/SportFormatCatalogEntity.java
java	venues	interface	SportFormatCatalogRepository	backend/src/main/java/com/pulsopiura/platform/venues/infrastructure/persistence/SportFormatCatalogRepository.java
java	venues	class	SportSpaceAmenityEntity	backend/src/main/java/com/pulsopiura/platform/venues/infrastructure/persistence/SportSpaceAmenityEntity.java
java	venues	interface	SportSpaceAmenityRepository	backend/src/main/java/com/pulsopiura/platform/venues/infrastructure/persistence/SportSpaceAmenityRepository.java
java	venues	class	SportSpaceEntity	backend/src/main/java/com/pulsopiura/platform/venues/infrastructure/persistence/SportSpaceEntity.java
java	venues	interface	SportSpaceRepository	backend/src/main/java/com/pulsopiura/platform/venues/infrastructure/persistence/SportSpaceRepository.java
java	venues	class	SurfaceTypeCatalogEntity	backend/src/main/java/com/pulsopiura/platform/venues/infrastructure/persistence/SurfaceTypeCatalogEntity.java
java	venues	interface	SurfaceTypeCatalogRepository	backend/src/main/java/com/pulsopiura/platform/venues/infrastructure/persistence/SurfaceTypeCatalogRepository.java
java	venues	class	VenueAmenityEntity	backend/src/main/java/com/pulsopiura/platform/venues/infrastructure/persistence/VenueAmenityEntity.java
java	venues	interface	VenueAmenityRepository	backend/src/main/java/com/pulsopiura/platform/venues/infrastructure/persistence/VenueAmenityRepository.java
java	venues	class	VenueEntity	backend/src/main/java/com/pulsopiura/platform/venues/infrastructure/persistence/VenueEntity.java
java	venues	interface	VenueRepository	backend/src/main/java/com/pulsopiura/platform/venues/infrastructure/persistence/VenueRepository.java
java	foundation	class	OidcRoleClaimsTest	backend/src/test/java/com/pulsopiura/platform/foundation/security/OidcRoleClaimsTest.java
java	foundation	class	OidcUserClaimsTest	backend/src/test/java/com/pulsopiura/platform/foundation/security/OidcUserClaimsTest.java
java	identity	class	CapabilityRequestServiceTest	backend/src/test/java/com/pulsopiura/platform/identity/application/CapabilityRequestServiceTest.java
java	identity	class	CapabilityRequestEntityTest	backend/src/test/java/com/pulsopiura/platform/identity/infrastructure/persistence/CapabilityRequestEntityTest.java
java	identity	class	UserEntityTest	backend/src/test/java/com/pulsopiura/platform/identity/infrastructure/persistence/UserEntityTest.java
java	JwtValidationTest.java	class	JwtValidationTest	backend/src/test/java/com/pulsopiura/platform/JwtValidationTest.java
java	matches	class	ManualMatchParticipantServiceTest	backend/src/test/java/com/pulsopiura/platform/matches/application/ManualMatchParticipantServiceTest.java
java	matches	class	MatchAccessPolicyTest	backend/src/test/java/com/pulsopiura/platform/matches/application/MatchAccessPolicyTest.java
java	matches	class	MatchJoinPaymentServiceTest	backend/src/test/java/com/pulsopiura/platform/matches/application/MatchJoinPaymentServiceTest.java
java	matches	class	MatchOrganizerAuthorizationTest	backend/src/test/java/com/pulsopiura/platform/matches/application/MatchOrganizerAuthorizationTest.java
java	matches	class	MatchOrganizerManagementServiceTest	backend/src/test/java/com/pulsopiura/platform/matches/application/MatchOrganizerManagementServiceTest.java
java	matches	class	MatchOrganizerQueryServiceTest	backend/src/test/java/com/pulsopiura/platform/matches/application/MatchOrganizerQueryServiceTest.java
java	matches	class	MatchServiceTest	backend/src/test/java/com/pulsopiura/platform/matches/application/MatchServiceTest.java
java	matches	class	MatchParticipantTest	backend/src/test/java/com/pulsopiura/platform/matches/domain/MatchParticipantTest.java
java	matches	class	SportsMatchTest	backend/src/test/java/com/pulsopiura/platform/matches/domain/SportsMatchTest.java
java	matches	class	MatchInvitationEntityTest	backend/src/test/java/com/pulsopiura/platform/matches/infrastructure/persistence/MatchInvitationEntityTest.java
java	organizations	class	OrganizationAuthorizationTest	backend/src/test/java/com/pulsopiura/platform/organizations/application/OrganizationAuthorizationTest.java
java	organizations	class	OrganizationLocationTest	backend/src/test/java/com/pulsopiura/platform/organizations/application/OrganizationLocationTest.java
java	organizations	class	PlatformOrganizationServiceTest	backend/src/test/java/com/pulsopiura/platform/organizations/application/PlatformOrganizationServiceTest.java
java	organizations	class	VenueOwnerAuthorizationTest	backend/src/test/java/com/pulsopiura/platform/organizations/application/VenueOwnerAuthorizationTest.java
java	organizations	class	InvitationEntityTest	backend/src/test/java/com/pulsopiura/platform/organizations/infrastructure/persistence/InvitationEntityTest.java
java	organizations	class	MembershipEntityTest	backend/src/test/java/com/pulsopiura/platform/organizations/infrastructure/persistence/MembershipEntityTest.java
java	partners	class	PartnerBusinessControllerAuthorizationTest	backend/src/test/java/com/pulsopiura/platform/partners/api/PartnerBusinessControllerAuthorizationTest.java
java	partners	class	PartnerBusinessServiceTest	backend/src/test/java/com/pulsopiura/platform/partners/application/PartnerBusinessServiceTest.java
java	payments	class	PaymentOrderServiceTest	backend/src/test/java/com/pulsopiura/platform/payments/application/PaymentOrderServiceTest.java
java	ProjectConventionsTest.java	class	ProjectConventionsTest	backend/src/test/java/com/pulsopiura/platform/ProjectConventionsTest.java
java	reservations	class	BookableAvailabilityServiceTest	backend/src/test/java/com/pulsopiura/platform/reservations/application/BookableAvailabilityServiceTest.java
java	reservations	class	CreateReservationServiceTest	backend/src/test/java/com/pulsopiura/platform/reservations/application/CreateReservationServiceTest.java
java	reservations	class	OrganizationScheduleQueryTest	backend/src/test/java/com/pulsopiura/platform/reservations/application/OrganizationScheduleQueryTest.java
java	reservations	class	ReservationAccessTest	backend/src/test/java/com/pulsopiura/platform/reservations/application/ReservationAccessTest.java
java	reservations	class	ReservationCancellationPolicyTest	backend/src/test/java/com/pulsopiura/platform/reservations/application/ReservationCancellationPolicyTest.java
java	reservations	class	ReservationCheckInServiceTest	backend/src/test/java/com/pulsopiura/platform/reservations/application/ReservationCheckInServiceTest.java
java	reservations	class	ReservationCreationTransactionTest	backend/src/test/java/com/pulsopiura/platform/reservations/application/ReservationCreationTransactionTest.java
java	reservations	class	ReservationPaymentConcurrencyTest	backend/src/test/java/com/pulsopiura/platform/reservations/application/ReservationPaymentConcurrencyTest.java
java	reservations	class	ReservationTransitionServiceTest	backend/src/test/java/com/pulsopiura/platform/reservations/application/ReservationTransitionServiceTest.java
java	reservations	class	ReservationTest	backend/src/test/java/com/pulsopiura/platform/reservations/domain/ReservationTest.java
java	reservations	class	JdbcReservationCheckInPassStoreTest	backend/src/test/java/com/pulsopiura/platform/reservations/infrastructure/persistence/JdbcReservationCheckInPassStoreTest.java
java	shared	class	DistrictCatalogTest	backend/src/test/java/com/pulsopiura/platform/shared/DistrictCatalogTest.java
java	venues	class	AvailabilityControllerTest	backend/src/test/java/com/pulsopiura/platform/venues/api/AvailabilityControllerTest.java
java	venues	class	AvailabilityServiceTest	backend/src/test/java/com/pulsopiura/platform/venues/application/AvailabilityServiceTest.java
java	venues	class	PublicVenueQueryServiceTest	backend/src/test/java/com/pulsopiura/platform/venues/application/PublicVenueQueryServiceTest.java
java	venues	class	VenueCatalogServiceTest	backend/src/test/java/com/pulsopiura/platform/venues/application/VenueCatalogServiceTest.java
java	venues	class	VenueServiceTest	backend/src/test/java/com/pulsopiura/platform/venues/application/VenueServiceTest.java
java	venues	class	AvailabilityExceptionEntityTest	backend/src/test/java/com/pulsopiura/platform/venues/infrastructure/persistence/AvailabilityExceptionEntityTest.java
java	venues	class	AvailabilityRuleEntityTest	backend/src/test/java/com/pulsopiura/platform/venues/infrastructure/persistence/AvailabilityRuleEntityTest.java
java	venues	class	SportSpaceEntityTest	backend/src/test/java/com/pulsopiura/platform/venues/infrastructure/persistence/SportSpaceEntityTest.java
java	venues	class	VenueEntityTest	backend/src/test/java/com/pulsopiura/platform/venues/infrastructure/persistence/VenueEntityTest.java
typescript	actividad	function	ActivityPage	frontend/app/actividad/page.tsx
typescript	admin	function	AdminPage	frontend/app/admin/[orgId]/page.tsx
typescript	auth	function	CallbackLoading	frontend/app/auth/callback/loading.tsx
typescript	auth	function	CallbackPage	frontend/app/auth/callback/page.tsx
typescript	canchas	function	VenuesPage	frontend/app/canchas/page.tsx
typescript	crear	function	CreateMatchPage	frontend/app/crear/page.tsx
typescript	error.tsx	function	GlobalError	frontend/app/error.tsx
typescript	invitaciones	function	InvitationPage	frontend/app/invitaciones/[invitationId]/page.tsx
typescript	layout.tsx	const	metadata	frontend/app/layout.tsx
typescript	layout.tsx	function	RootLayout	frontend/app/layout.tsx
typescript	not-found.tsx	function	NotFound	frontend/app/not-found.tsx
typescript	organizaciones	function	OrganizationsPage	frontend/app/organizaciones/page.tsx
typescript	organizador	function	OrganizerPage	frontend/app/organizador/page.tsx
typescript	page.tsx	function	Home	frontend/app/page.tsx
typescript	partidos	function	MatchPage	frontend/app/partidos/[publicSlug]/page.tsx
typescript	partidos	function	DemoFootballMatchPage	frontend/app/partidos/demo-futbol-7/page.tsx
typescript	partidos	function	DemoVolleyballMatchPage	frontend/app/partidos/demo-voley/page.tsx
typescript	partidos	function	MatchInvitationPage	frontend/app/partidos/invitaciones/[invitationId]/page.tsx
typescript	partidos	function	MatchesPage	frontend/app/partidos/page.tsx
typescript	perfil	function	ProfilePage	frontend/app/perfil/page.tsx
typescript	plataforma	function	PlatformBusinessesPage	frontend/app/plataforma/negocios/page.tsx
typescript	plataforma	function	PlatformOrganizationsPage	frontend/app/plataforma/organizaciones/page.tsx
typescript	plataforma	function	PlatformPage	frontend/app/plataforma/page.tsx
typescript	plataforma	function	PlatformRequestsPage	frontend/app/plataforma/solicitudes/page.tsx
typescript	reservas-cancha	function	VenueOwnerReservationsPage	frontend/app/reservas-cancha/page.tsx
typescript	tercer-tiempo	function	ThirdTimePage	frontend/app/tercer-tiempo/page.tsx
typescript	-	function	FloatingNotice	frontend/components/feedback/FloatingNotice.tsx
typescript	-	function	DistrictSelect	frontend/components/forms/DistrictSelect.tsx
typescript	-	function	FormSheet	frontend/components/forms/FormSheet.tsx
typescript	-	function	FriendlyLocationPicker	frontend/components/forms/FriendlyLocationPicker.tsx
typescript	access	type	OrganizationRole	frontend/features/access/capabilities.ts
typescript	access	type	OrganizationMembership	frontend/features/access/capabilities.ts
typescript	access	type	UserCapabilities	frontend/features/access/capabilities.ts
typescript	access	function	resolveCapabilities	frontend/features/access/capabilities.ts
typescript	access	function	useUserCapabilities	frontend/features/access/useUserCapabilities.ts
typescript	activity	function	ActivityDashboard	frontend/features/activity/ActivityDashboard.tsx
typescript	auth	function	AuthButton	frontend/features/auth/AuthButton.tsx
typescript	auth	function	AuthProvider	frontend/features/auth/AuthProvider.tsx
typescript	auth	function	useAuth	frontend/features/auth/AuthProvider.tsx
typescript	feedback	function	CardSkeletons	frontend/features/feedback/CardSkeletons.tsx
typescript	home	function	FeaturedMatchCard	frontend/features/home/FeaturedMatchCard.tsx
typescript	home	function	FeaturedMatchCardV2	frontend/features/home/FeaturedMatchCardV2.tsx
typescript	home	type	HomeVenue	frontend/features/home/HomeDashboard.tsx
typescript	home	function	HomeDashboard	frontend/features/home/HomeDashboard.tsx
typescript	home	type	HomeMode	frontend/features/home/HomeModeSwitch.tsx
typescript	home	function	HomeModeSwitch	frontend/features/home/HomeModeSwitch.tsx
typescript	home	function	HomeVenuePreview	frontend/features/home/HomeVenuePreview.tsx
typescript	home	function	MatchDiscoveryPanel	frontend/features/home/MatchDiscoveryPanel.tsx
typescript	home	function	NextMatchCard	frontend/features/home/NextMatchCard.tsx
typescript	home	function	ThirdTimeSection	frontend/features/home/ThirdTimeSection.tsx
typescript	home	function	VenueAgendaPanel	frontend/features/home/VenueAgendaPanel.tsx
typescript	matches	function	DemoMatchBuilder	frontend/features/matches/DemoMatchBuilder.tsx
typescript	matches	function	DemoMatchDetail	frontend/features/matches/DemoMatchDetail.tsx
typescript	matches	function	defaultMatchDraft	frontend/features/matches/draft.ts
typescript	matches	function	MatchBuilder	frontend/features/matches/MatchBuilder.tsx
typescript	matches	function	MatchCatalog	frontend/features/matches/MatchCatalog.tsx
typescript	matches	function	MatchCheckInScanner	frontend/features/matches/MatchCheckInScanner.tsx
typescript	matches	function	MatchCreationWorkspace	frontend/features/matches/MatchCreationWorkspace.tsx
typescript	matches	function	MatchDetail	frontend/features/matches/MatchDetail.tsx
typescript	matches	function	MatchInvitationAcceptance	frontend/features/matches/MatchInvitationAcceptance.tsx
typescript	matches	function	MatchOrganizerDashboard	frontend/features/matches/MatchOrganizerDashboard.tsx
typescript	matches	function	MatchQrPass	frontend/features/matches/MatchQrPass.tsx
typescript	matches	type	MatchPaymentMethod	frontend/features/matches/mobile-checkout.ts
typescript	matches	function	mobileCheckoutStatus	frontend/features/matches/mobile-checkout.ts
typescript	matches	function	MobileMatchCheckout	frontend/features/matches/MobileMatchCheckout.tsx
typescript	matches	function	MyMatchParticipations	frontend/features/matches/MyMatchParticipations.tsx
typescript	matches	type	MatchFinanceSummary	frontend/features/matches/presentation.ts
typescript	matches	function	summarizeMatchFinances	frontend/features/matches/presentation.ts
typescript	matches	function	isProtectedOrganizerRow	frontend/features/matches/presentation.ts
typescript	matches	type	MatchSummary	frontend/features/matches/types.ts
typescript	matches	type	MatchInvitation	frontend/features/matches/types.ts
typescript	matches	type	MatchParticipation	frontend/features/matches/types.ts
typescript	matches	type	MatchJoinOrder	frontend/features/matches/types.ts
typescript	matches	type	MatchParticipantAdmin	frontend/features/matches/types.ts
typescript	navigation	function	AppNavigation	frontend/features/navigation/AppNavigation.tsx
typescript	navigation	function	LocationProvider	frontend/features/navigation/LocationProvider.tsx
typescript	navigation	const	useLocation	frontend/features/navigation/LocationProvider.tsx
typescript	navigation	function	LocationSelector	frontend/features/navigation/LocationSelector.tsx
typescript	organizations	function	InvitationAcceptance	frontend/features/organizations/InvitationAcceptance.tsx
typescript	organizations	function	OrganizationAdmin	frontend/features/organizations/OrganizationAdmin.tsx
typescript	organizations	function	OrganizationWorkspace	frontend/features/organizations/OrganizationWorkspace.tsx
typescript	organizations	function	PlatformUserDirectory	frontend/features/organizations/PlatformUserDirectory.tsx
typescript	organizations	type	PlatformUser	frontend/features/organizations/user-directory.ts
typescript	organizations	const	userProfiles	frontend/features/organizations/user-directory.ts
typescript	organizations	type	UserProfile	frontend/features/organizations/user-directory.ts
typescript	organizations	function	belongsToProfile	frontend/features/organizations/user-directory.ts
typescript	organizations	function	filterDirectory	frontend/features/organizations/user-directory.ts
typescript	reservations	function	MyReservations	frontend/features/reservations/MyReservations.tsx
typescript	reservations	function	OrganizationReservations	frontend/features/reservations/OrganizationReservations.tsx
typescript	reservations	function	OrganizationSchedule	frontend/features/reservations/OrganizationSchedule.tsx
typescript	reservations	type	ReservationPaymentPlan	frontend/features/reservations/payment-options.ts
typescript	reservations	function	reservationPaymentOptions	frontend/features/reservations/payment-options.ts
typescript	reservations	const	reservationStatus	frontend/features/reservations/presentation.ts
typescript	reservations	const	money	frontend/features/reservations/presentation.ts
typescript	reservations	const	reservationDate	frontend/features/reservations/presentation.ts
typescript	reservations	const	reservationTime	frontend/features/reservations/presentation.ts
typescript	reservations	const	canPlayerCancel	frontend/features/reservations/presentation.ts
typescript	reservations	function	ReservationCheckInScanner	frontend/features/reservations/ReservationCheckInScanner.tsx
typescript	reservations	function	ReservationCheckout	frontend/features/reservations/ReservationCheckout.tsx
typescript	reservations	function	ReservationQrPass	frontend/features/reservations/ReservationQrPass.tsx
typescript	reservations	type	Reservation	frontend/features/reservations/types.ts
typescript	reservations	type	ReservationPage	frontend/features/reservations/types.ts
typescript	reservations	function	VenueOwnerReservationsDashboard	frontend/features/reservations/VenueOwnerReservationsDashboard.tsx
typescript	venues	function	AvailabilityAdmin	frontend/features/venues/AvailabilityAdmin.tsx
typescript	venues	function	PublicVenueCatalog	frontend/features/venues/PublicVenueCatalog.tsx
typescript	venues	function	VenueAdmin	frontend/features/venues/VenueAdmin.tsx
typescript	venues	type	BookingSlot	frontend/features/venues/VenueBookingCard.tsx
typescript	venues	type	VenueBookingOffer	frontend/features/venues/VenueBookingCard.tsx
typescript	venues	function	VenueBookingCard	frontend/features/venues/VenueBookingCard.tsx
typescript	venues	const	VenueScheduleDialog	frontend/features/venues/VenueScheduleDialog.tsx
typescript	lib	function	apiAssetUrl	frontend/lib/api.ts
typescript	lib	class	ApiError	frontend/lib/api.ts
typescript	lib	function	apiRequest	frontend/lib/api.ts
typescript	lib	function	realmRoles	frontend/lib/auth-roles.ts
typescript	lib	function	hasRealmRole	frontend/lib/auth-roles.ts
typescript	lib	function	onRejectedToken	frontend/lib/auth-session.ts
typescript	lib	function	rejectToken	frontend/lib/auth-session.ts
typescript	lib	function	safeReturnTo	frontend/lib/auth-session.ts
typescript	lib	function	postLoginDestination	frontend/lib/auth-session.ts
typescript	lib	function	sortUpcomingMatches	frontend/lib/match-discovery.ts
typescript	lib	function	socialLoginParameters	frontend/lib/oidc.ts
typescript	lib	function	completeSignin	frontend/lib/oidc.ts
typescript	lib	function	getUserManager	frontend/lib/oidc.ts
typescript	lib	function	organizationRoleLabel	frontend/lib/organization-labels.ts
typescript	lib	function	organizationStatusLabel	frontend/lib/organization-labels.ts
typescript	lib	function	whatsappUrl	frontend/lib/public-links.ts
typescript	lib	function	googleMapsUrl	frontend/lib/public-links.ts
typescript	lib	function	trustedGoogleMapsUrl	frontend/lib/public-links.ts
typescript	lib	function	createQrMatrix	frontend/lib/qr-code.ts
typescript	lib	function	reconcileSelectedSlots	frontend/lib/venue-availability.ts
typescript	lib	type	VenueSummary	frontend/lib/venue-discovery.ts
typescript	lib	type	VenueOfferSummary	frontend/lib/venue-discovery.ts
typescript	lib	type	VenueFilters	frontend/lib/venue-discovery.ts
typescript	lib	function	districtOptions	frontend/lib/venue-discovery.ts
typescript	lib	function	matchesVenueFilters	frontend/lib/venue-discovery.ts
typescript	lib	function	venueAttributeLabel	frontend/lib/venue-presentation.ts
typescript	lib	type	AdminRatingInput	frontend/lib/venue-rating.ts
typescript	lib	function	normalizeAdminRatingInput	frontend/lib/venue-rating.ts
typescript	lib	function	filterSpacesBySport	frontend/lib/venue-selection.ts
